timestamp,member_name,city,country,temperature,humidity,wind_speed,weather_main,weather_description,2025-07-23 21:04,28,Atlanta,City,Description,Temperature (F),Timestamp,cloudiness,datetime,description,dt,feels_like,few clouds,humidity_pct,id,name,pressure,speed,sunrise,sunset,temp,temp_f,timezone,units,visibility,wind_direction,wind_speed_mph
2025-07-16T14:30:22.123456,Sample Member,New York,US,22.5,45.0,3.2,Clear,clear sky,,,,,,,,10,,,,24.1,,,,,1013,,06:15,19:45,,,-5.0,,10.0,180,
,Capstone_tobi,Chicago,,,,,Few,Few clouds,,,,,,,,,2023-01-01 15:14:29,Few clouds,,,,60,,,,,,,,46.42,,imperial,,,10.1
,Capstone_tobi,Chicago,,,,,Clear,Clear sky,,,,,,,,,2023-01-02 15:14:29,Clear sky,,,,47,,,,,,,,40.04,,imperial,,,13.7
,Capstone_tobi,Chicago,,,,,Light,Light rain,,,,,,,,,2023-01-03 15:14:29,Light rain,,,,62,,,,,,,,39.3,,imperial,,,8.7
,Capstone_tobi,Chicago,,,,,Overcast,Overcast clouds,,,,,,,,,2023-01-04 15:14:29,Overcast clouds,,,,46,,,,,,,,47.16,,imperial,,,7.1
,Capstone_tobi,Chicago,,,,,Few,Few clouds,,,,,,,,,2023-01-05 15:14:29,Few clouds,,,,33,,,,,,,,32.37,,imperial,,,5.4
,Capstone_tobi,Chicago,,,,,Scattered,Scattered clouds,,,,,,,,,2023-01-06 15:14:29,Scattered clouds,,,,40,,,,,,,,44.41,,imperial,,,5.8
,Capstone_tobi,Chicago,,,,,Overcast,Overcast clouds,,,,,,,,,2023-01-07 15:14:29,Overcast clouds,,,,49,,,,,,,,36.96,,imperial,,,3.7
,Capstone_tobi,Chicago,,,,,Few,Few clouds,,,,,,,,,2023-01-08 15:14:29,Few clouds,,,,34,,,,,,,,43.95,,imperial,,,11.2
,Capstone_tobi,Chicago,,,,,Overcast,Overcast clouds,,,,,,,,,2023-01-09 15:14:29,Overcast clouds,,,,21,,,,,,,,41.63,,imperial,,,9.3
,Capstone_tobi,Chicago,,,,,Scattered,Scattered clouds,,,,,,,,,2023-01-10 15:14:29,Scattered clouds,,,,42,,,,,,,,38.04,,imperial,,,7.8
,Capstone_tobi,Chicago,,,,,Overcast,Overcast clouds,,,,,,,,,2023-01-11 15:14:29,Overcast clouds,,,,32,,,,,,,,30.1,,imperial,,,8.4
,Capstone_tobi,Chicago,,,,,Few,Few clouds,,,,,,,,,2023-01-12 15:14:29,Few clouds,,,,69,,,,,,,,35.96,,imperial,,,13.5
,Capstone_tobi,Chicago,,,,,Clear,Clear sky,,,,,,,,,2023-01-13 15:14:29,Clear sky,,,,66,,,,,,,,38.35,,imperial,,,12.1
,Capstone_tobi,Chicago,,,,,Scattered,Scattered clouds,,,,,,,,,2023-01-14 15:14:29,Scattered clouds,,,,68,,,,,,,,35.42,,imperial,,,9.2
,Capstone_tobi,Chicago,,,,,Few,Few clouds,,,,,,,,,2023-01-15 15:14:29,Few clouds,,,,31,,,,,,,,33.88,,imperial,,,7.4
,Capstone_tobi,Chicago,,,,,Clear,Clear sky,,,,,,,,,2023-01-16 15:14:29,Clear sky,,,,50,,,,,,,,38.89,,imperial,,,10.3
,Capstone_tobi,Chicago,,,,,Clear,Clear sky,,,,,,,,,2023-01-17 15:14:29,Clear sky,,,,88,,,,,,,,37.94,,imperial,,,11.5
,Capstone_tobi,Chicago,,,,,Snow,Snow,,,,,,,,,2023-01-18 15:14:29,Snow,,,,80,,,,,,,,27.04,,imperial,,,12.1
,Capstone_tobi,Chicago,,,,,Clear,Clear sky,,,,,,,,,2023-01-19 15:14:29,Clear sky,,,,57,,,,,,,,31.68,,imperial,,,13.0
,Capstone_tobi,Chicago,,,,,Clear,Clear sky,,,,,,,,,2023-01-20 15:14:29,Clear sky,,,,67,,,,,,,,34.73,,imperial,,,12.0
,Capstone_tobi,Chicago,,,,,Overcast,Overcast clouds,,,,,,,,,2023-01-21 15:14:29,Overcast clouds,,,,46,,,,,,,,41.41,,imperial,,,4.7
,Capstone_tobi,Chicago,,,,,Clear,Clear sky,,,,,,,,,2023-01-22 15:14:29,Clear sky,,,,57,,,,,,,,34.02,,imperial,,,7.7
,Capstone_tobi,Chicago,,,,,Clear,Clear sky,,,,,,,,,2023-01-23 15:14:29,Clear sky,,,,68,,,,,,,,31.81,,imperial,,,21.3
,Capstone_tobi,Chicago,,,,,Overcast,Overcast clouds,,,,,,,,,2023-01-24 15:14:29,Overcast clouds,,,,56,,,,,,,,34.79,,imperial,,,10.3
,Capstone_tobi,Chicago,,,,,Overcast,Overcast clouds,,,,,,,,,2023-01-25 15:14:29,Overcast clouds,,,,79,,,,,,,,24.37,,imperial,,,2.7
,Capstone_tobi,Chicago,,,,,Few,Few clouds,,,,,,,,,2023-01-26 15:14:29,Few clouds,,,,55,,,,,,,,43.62,,imperial,,,11.6
,Capstone_tobi,Chicago,,,,,Light,Light rain,,,,,,,,,2023-01-27 15:14:29,Light rain,,,,56,,,,,,,,16.03,,imperial,,,6.9
,Capstone_tobi,Chicago,,,,,Clear,Clear sky,,,,,,,,,2023-01-28 15:14:29,Clear sky,,,,50,,,,,,,,38.97,,imperial,,,6.3
,Capstone_tobi,Chicago,,,,,Few,Few clouds,,,,,,,,,2023-01-29 15:14:29,Few clouds,,,,55,,,,,,,,27.41,,imperial,,,6.5
,Capstone_tobi,Chicago,,,,,Few,Few clouds,,,,,,,,,2023-01-30 15:14:29,Few clouds,,,,35,,,,,,,,32.93,,imperial,,,11.2
,Capstone_tobi,Chicago,,,,,Scattered,Scattered clouds,,,,,,,,,2023-01-31 15:14:29,Scattered clouds,,,,48,,,,,,,,28.57,,imperial,,,10.4
,Capstone_tobi,Chicago,,,,,Overcast,Overcast clouds,,,,,,,,,2023-02-01 15:14:29,Overcast clouds,,,,78,,,,,,,,23.07,,imperial,,,7.1
,Capstone_tobi,Chicago,,,,,Light,Light rain,,,,,,,,,2023-02-02 15:14:29,Light rain,,,,70,,,,,,,,28.01,,imperial,,,4.7
,Capstone_tobi,Chicago,,,,,Snow,Snow,,,,,,,,,2023-02-03 15:14:29,Snow,,,,69,,,,,,,,23.94,,imperial,,,5.9
,Capstone_tobi,Chicago,,,,,Few,Few clouds,,,,,,,,,2023-02-04 15:14:29,Few clouds,,,,60,,,,,,,,24.21,,imperial,,,13.4
,Capstone_tobi,Chicago,,,,,Overcast,Overcast clouds,,,,,,,,,2023-02-05 15:14:29,Overcast clouds,,,,19,,,,,,,,28.86,,imperial,,,4.2
,Capstone_tobi,Chicago,,,,,Clear,Clear sky,,,,,,,,,2023-02-06 15:14:29,Clear sky,,,,37,,,,,,,,28.63,,imperial,,,4.2
,Capstone_tobi,Chicago,,,,,Few,Few clouds,,,,,,,,,2023-02-07 15:14:29,Few clouds,,,,57,,,,,,,,24.29,,imperial,,,17.0
,Capstone_tobi,Chicago,,,,,Light,Light rain,,,,,,,,,2023-02-08 15:14:29,Light rain,,,,67,,,,,,,,36.33,,imperial,,,19.2
,Capstone_tobi,Chicago,,,,,Few,Few clouds,,,,,,,,,2023-02-09 15:14:29,Few clouds,,,,55,,,,,,,,23.31,,imperial,,,7.0
,Capstone_tobi,Chicago,,,,,Scattered,Scattered clouds,,,,,,,,,2023-02-10 15:14:29,Scattered clouds,,,,60,,,,,,,,33.7,,imperial,,,2.8
,Capstone_tobi,Chicago,,,,,Scattered,Scattered clouds,,,,,,,,,2023-02-11 15:14:29,Scattered clouds,,,,63,,,,,,,,30.04,,imperial,,,6.9
,Capstone_tobi,Chicago,,,,,Scattered,Scattered clouds,,,,,,,,,2023-02-12 15:14:29,Scattered clouds,,,,32,,,,,,,,21.02,,imperial,,,7.3
,Capstone_tobi,Chicago,,,,,Few,Few clouds,,,,,,,,,2023-02-13 15:14:29,Few clouds,,,,62,,,,,,,,19.18,,imperial,,,13.1
,Capstone_tobi,Chicago,,,,,Few,Few clouds,,,,,,,,,2023-02-14 15:14:29,Few clouds,,,,49,,,,,,,,31.07,,imperial,,,17.2
,Capstone_tobi,Chicago,,,,,Overcast,Overcast clouds,,,,,,,,,2023-02-15 15:14:29,Overcast clouds,,,,43,,,,,,,,19.56,,imperial,,,11.5
,Capstone_tobi,Chicago,,,,,Clear,Clear sky,,,,,,,,,2023-02-16 15:14:29,Clear sky,,,,61,,,,,,,,33.74,,imperial,,,8.1
,Capstone_tobi,Chicago,,,,,Clear,Clear sky,,,,,,,,,2023-02-17 15:14:29,Clear sky,,,,31,,,,,,,,37.78,,imperial,,,5.3
,Capstone_tobi,Chicago,,,,,Overcast,Overcast clouds,,,,,,,,,2023-02-18 15:14:29,Overcast clouds,,,,45,,,,,,,,35.68,,imperial,,,6.5
,Capstone_tobi,Chicago,,,,,Few,Few clouds,,,,,,,,,2023-02-19 15:14:29,Few clouds,,,,57,,,,,,,,20.08,,imperial,,,8.1
,Capstone_tobi,Chicago,,,,,Snow,Snow,,,,,,,,,2023-02-20 15:14:29,Snow,,,,72,,,,,,,,16.74,,imperial,,,8.8
,Capstone_tobi,Chicago,,,,,Clear,Clear sky,,,,,,,,,2023-02-21 15:14:29,Clear sky,,,,57,,,,,,,,10.14,,imperial,,,0.9
,Capstone_tobi,Chicago,,,,,Clear,Clear sky,,,,,,,,,2023-02-22 15:14:29,Clear sky,,,,48,,,,,,,,27.81,,imperial,,,6.7
,Capstone_tobi,Chicago,,,,,Snow,Snow,,,,,,,,,2023-02-23 15:14:29,Snow,,,,53,,,,,,,,10.11,,imperial,,,19.6
,Capstone_tobi,Chicago,,,,,Clear,Clear sky,,,,,,,,,2023-02-24 15:14:29,Clear sky,,,,58,,,,,,,,16.94,,imperial,,,15.9
,Capstone_tobi,Chicago,,,,,Overcast,Overcast clouds,,,,,,,,,2023-02-25 15:14:29,Overcast clouds,,,,63,,,,,,,,22.32,,imperial,,,10.9
,Capstone_tobi,Chicago,,,,,Scattered,Scattered clouds,,,,,,,,,2023-02-26 15:14:29,Scattered clouds,,,,18,,,,,,,,22.11,,imperial,,,3.7
,Capstone_tobi,Chicago,,,,,Light,Light rain,,,,,,,,,2023-02-27 15:14:29,Light rain,,,,80,,,,,,,,30.4,,imperial,,,11.1
,Capstone_tobi,Chicago,,,,,Clear,Clear sky,,,,,,,,,2023-02-28 15:14:29,Clear sky,,,,38,,,,,,,,21.08,,imperial,,,1.7
,Capstone_tobi,Chicago,,,,,Rain,Rain,,,,,,,,,2023-03-01 15:14:29,Rain,,,,63,,,,,,,,29.87,,imperial,,,8.7
,Capstone_tobi,Chicago,,,,,Clear,Clear sky,,,,,,,,,2023-03-02 15:14:29,Clear sky,,,,55,,,,,,,,32.02,,imperial,,,12.2
,Capstone_tobi,Chicago,,,,,Clear,Clear sky,,,,,,,,,2023-03-03 15:14:29,Clear sky,,,,57,,,,,,,,15.55,,imperial,,,11.7
,Capstone_tobi,Chicago,,,,,Few,Few clouds,,,,,,,,,2023-03-04 15:14:29,Few clouds,,,,52,,,,,,,,15.61,,imperial,,,7.2
,Capstone_tobi,Chicago,,,,,Few,Few clouds,,,,,,,,,2023-03-05 15:14:29,Few clouds,,,,66,,,,,,,,23.09,,imperial,,,8.1
,Capstone_tobi,Chicago,,,,,Clear,Clear sky,,,,,,,,,2023-03-06 15:14:29,Clear sky,,,,57,,,,,,,,32.26,,imperial,,,14.2
,Capstone_tobi,Chicago,,,,,Clear,Clear sky,,,,,,,,,2023-03-07 15:14:29,Clear sky,,,,92,,,,,,,,11.96,,imperial,,,5.9
,Capstone_tobi,Chicago,,,,,Clear,Clear sky,,,,,,,,,2023-03-08 15:14:29,Clear sky,,,,37,,,,,,,,11.8,,imperial,,,4.6
,Capstone_tobi,Chicago,,,,,Clear,Clear sky,,,,,,,,,2023-03-09 15:14:29,Clear sky,,,,71,,,,,,,,6.13,,imperial,,,6.6
,Capstone_tobi,Chicago,,,,,Scattered,Scattered clouds,,,,,,,,,2023-03-10 15:14:29,Scattered clouds,,,,48,,,,,,,,32.09,,imperial,,,9.9
,Capstone_tobi,Chicago,,,,,Light,Light rain,,,,,,,,,2023-03-11 15:14:29,Light rain,,,,92,,,,,,,,4.95,,imperial,,,9.3
,Capstone_tobi,Chicago,,,,,Few,Few clouds,,,,,,,,,2023-03-12 15:14:29,Few clouds,,,,51,,,,,,,,9.38,,imperial,,,2.3
,Capstone_tobi,Chicago,,,,,Overcast,Overcast clouds,,,,,,,,,2023-03-13 15:14:29,Overcast clouds,,,,39,,,,,,,,21.84,,imperial,,,14.3
,Capstone_tobi,Chicago,,,,,Few,Few clouds,,,,,,,,,2023-03-14 15:14:29,Few clouds,,,,60,,,,,,,,15.43,,imperial,,,12.0
,Capstone_tobi,Chicago,,,,,Snow,Snow,,,,,,,,,2023-03-15 15:14:29,Snow,,,,48,,,,,,,,20.77,,imperial,,,13.0
,Capstone_tobi,Chicago,,,,,Clear,Clear sky,,,,,,,,,2023-03-16 15:14:29,Clear sky,,,,51,,,,,,,,18.91,,imperial,,,7.9
,Capstone_tobi,Chicago,,,,,Clear,Clear sky,,,,,,,,,2023-03-17 15:14:29,Clear sky,,,,59,,,,,,,,12.06,,imperial,,,14.9
,Capstone_tobi,Chicago,,,,,Light,Light rain,,,,,,,,,2023-03-18 15:14:29,Light rain,,,,74,,,,,,,,7.85,,imperial,,,5.7
,Capstone_tobi,Chicago,,,,,Snow,Snow,,,,,,,,,2023-03-19 15:14:29,Snow,,,,59,,,,,,,,17.6,,imperial,,,8.0
,Capstone_tobi,Chicago,,,,,Thunderstorm,Thunderstorm,,,,,,,,,2023-03-20 15:14:29,Thunderstorm,,,,58,,,,,,,,32.37,,imperial,,,14.7
,Capstone_tobi,Chicago,,,,,Overcast,Overcast clouds,,,,,,,,,2023-03-21 15:14:29,Overcast clouds,,,,65,,,,,,,,4.72,,imperial,,,5.8
,Capstone_tobi,Chicago,,,,,Snow,Snow,,,,,,,,,2023-03-22 15:14:29,Snow,,,,64,,,,,,,,16.5,,imperial,,,3.7
,Capstone_tobi,Chicago,,,,,Scattered,Scattered clouds,,,,,,,,,2023-03-23 15:14:29,Scattered clouds,,,,71,,,,,,,,21.65,,imperial,,,4.4
,Capstone_tobi,Chicago,,,,,Snow,Snow,,,,,,,,,2023-03-24 15:14:29,Snow,,,,62,,,,,,,,20.9,,imperial,,,12.6
,Capstone_tobi,Chicago,,,,,Rain,Rain,,,,,,,,,2023-03-25 15:14:29,Rain,,,,53,,,,,,,,16.86,,imperial,,,10.7
,Capstone_tobi,Chicago,,,,,Clear,Clear sky,,,,,,,,,2023-03-26 15:14:29,Clear sky,,,,44,,,,,,,,16.88,,imperial,,,4.9
,Capstone_tobi,Chicago,,,,,Rain,Rain,,,,,,,,,2023-03-27 15:14:29,Rain,,,,56,,,,,,,,16.52,,imperial,,,8.0
,Capstone_tobi,Chicago,,,,,Thunderstorm,Thunderstorm,,,,,,,,,2023-03-28 15:14:29,Thunderstorm,,,,51,,,,,,,,10.34,,imperial,,,6.7
,Capstone_tobi,Chicago,,,,,Overcast,Overcast clouds,,,,,,,,,2023-03-29 15:14:29,Overcast clouds,,,,34,,,,,,,,22.28,,imperial,,,10.6
,Capstone_tobi,Chicago,,,,,Clear,Clear sky,,,,,,,,,2023-03-30 15:14:29,Clear sky,,,,49,,,,,,,,16.37,,imperial,,,5.1
,Capstone_tobi,Chicago,,,,,Overcast,Overcast clouds,,,,,,,,,2023-03-31 15:14:29,Overcast clouds,,,,42,,,,,,,,19.41,,imperial,,,10.9
,Capstone_tobi,Chicago,,,,,Thunderstorm,Thunderstorm,,,,,,,,,2023-04-01 15:14:29,Thunderstorm,,,,79,,,,,,,,14.15,,imperial,,,9.7
,Capstone_tobi,Chicago,,,,,Overcast,Overcast clouds,,,,,,,,,2023-04-02 15:14:29,Overcast clouds,,,,24,,,,,,,,11.3,,imperial,,,4.5
,Capstone_tobi,Chicago,,,,,Few,Few clouds,,,,,,,,,2023-04-03 15:14:29,Few clouds,,,,58,,,,,,,,11.27,,imperial,,,12.5
,Capstone_tobi,Chicago,,,,,Overcast,Overcast clouds,,,,,,,,,2023-04-04 15:14:29,Overcast clouds,,,,47,,,,,,,,20.81,,imperial,,,3.4
,Capstone_tobi,Chicago,,,,,Few,Few clouds,,,,,,,,,2023-04-05 15:14:29,Few clouds,,,,47,,,,,,,,10.53,,imperial,,,4.6
,Capstone_tobi,Chicago,,,,,Rain,Rain,,,,,,,,,2023-04-06 15:14:29,Rain,,,,44,,,,,,,,14.45,,imperial,,,12.7
,Capstone_tobi,Chicago,,,,,Light,Light rain,,,,,,,,,2023-04-07 15:14:29,Light rain,,,,57,,,,,,,,22.45,,imperial,,,21.4
,Capstone_tobi,Chicago,,,,,Clear,Clear sky,,,,,,,,,2023-04-08 15:14:29,Clear sky,,,,66,,,,,,,,16.72,,imperial,,,16.4
,Capstone_tobi,Chicago,,,,,Clear,Clear sky,,,,,,,,,2023-04-09 15:14:29,Clear sky,,,,30,,,,,,,,11.74,,imperial,,,9.0
,Capstone_tobi,Chicago,,,,,Light,Light rain,,,,,,,,,2023-04-10 15:14:29,Light rain,,,,56,,,,,,,,22.52,,imperial,,,7.3
,Capstone_tobi,Chicago,,,,,Clear,Clear sky,,,,,,,,,2023-04-11 15:14:29,Clear sky,,,,57,,,,,,,,18.47,,imperial,,,7.7
,Capstone_tobi,Chicago,,,,,Overcast,Overcast clouds,,,,,,,,,2023-04-12 15:14:29,Overcast clouds,,,,58,,,,,,,,18.98,,imperial,,,11.6
,Capstone_tobi,Chicago,,,,,Rain,Rain,,,,,,,,,2023-04-13 15:14:29,Rain,,,,43,,,,,,,,17.58,,imperial,,,10.0
,Capstone_tobi,Chicago,,,,,Few,Few clouds,,,,,,,,,2023-04-14 15:14:29,Few clouds,,,,55,,,,,,,,38.65,,imperial,,,5.9
,Capstone_tobi,Chicago,,,,,Clear,Clear sky,,,,,,,,,2023-04-15 15:14:29,Clear sky,,,,77,,,,,,,,17.28,,imperial,,,10.8
,Capstone_tobi,Chicago,,,,,Overcast,Overcast clouds,,,,,,,,,2023-04-16 15:14:29,Overcast clouds,,,,68,,,,,,,,21.2,,imperial,,,15.2
,Capstone_tobi,Chicago,,,,,Rain,Rain,,,,,,,,,2023-04-17 15:14:29,Rain,,,,24,,,,,,,,15.59,,imperial,,,14.4
,Capstone_tobi,Chicago,,,,,Clear,Clear sky,,,,,,,,,2023-04-18 15:14:29,Clear sky,,,,56,,,,,,,,18.24,,imperial,,,6.4
,Capstone_tobi,Chicago,,,,,Overcast,Overcast clouds,,,,,,,,,2023-04-19 15:14:29,Overcast clouds,,,,41,,,,,,,,20.67,,imperial,,,8.5
,Capstone_tobi,Chicago,,,,,Clear,Clear sky,,,,,,,,,2023-04-20 15:14:29,Clear sky,,,,50,,,,,,,,29.4,,imperial,,,11.3
,Capstone_tobi,Chicago,,,,,Few,Few clouds,,,,,,,,,2023-04-21 15:14:29,Few clouds,,,,71,,,,,,,,28.17,,imperial,,,8.6
,Capstone_tobi,Chicago,,,,,Overcast,Overcast clouds,,,,,,,,,2023-04-22 15:14:29,Overcast clouds,,,,88,,,,,,,,29.01,,imperial,,,8.4
,Capstone_tobi,Chicago,,,,,Overcast,Overcast clouds,,,,,,,,,2023-04-23 15:14:29,Overcast clouds,,,,35,,,,,,,,36.09,,imperial,,,7.0
,Capstone_tobi,Chicago,,,,,Clear,Clear sky,,,,,,,,,2023-04-24 15:14:29,Clear sky,,,,48,,,,,,,,29.85,,imperial,,,3.0
,Capstone_tobi,Chicago,,,,,Clear,Clear sky,,,,,,,,,2023-04-25 15:14:29,Clear sky,,,,42,,,,,,,,18.53,,imperial,,,3.7
,Capstone_tobi,Chicago,,,,,Few,Few clouds,,,,,,,,,2023-04-26 15:14:29,Few clouds,,,,84,,,,,,,,26.5,,imperial,,,6.9
,Capstone_tobi,Chicago,,,,,Clear,Clear sky,,,,,,,,,2023-04-27 15:14:29,Clear sky,,,,38,,,,,,,,30.13,,imperial,,,11.3
,Capstone_tobi,Chicago,,,,,Clear,Clear sky,,,,,,,,,2023-04-28 15:14:29,Clear sky,,,,71,,,,,,,,21.79,,imperial,,,5.2
,Capstone_tobi,Chicago,,,,,Few,Few clouds,,,,,,,,,2023-04-29 15:14:29,Few clouds,,,,41,,,,,,,,19.28,,imperial,,,18.9
,Capstone_tobi,Chicago,,,,,Few,Few clouds,,,,,,,,,2023-04-30 15:14:29,Few clouds,,,,46,,,,,,,,22.66,,imperial,,,8.5
,Capstone_tobi,Chicago,,,,,Overcast,Overcast clouds,,,,,,,,,2023-05-01 15:14:29,Overcast clouds,,,,25,,,,,,,,21.24,,imperial,,,12.3
,Capstone_tobi,Chicago,,,,,Scattered,Scattered clouds,,,,,,,,,2023-05-02 15:14:29,Scattered clouds,,,,48,,,,,,,,26.69,,imperial,,,9.7
,Capstone_tobi,Chicago,,,,,Clear,Clear sky,,,,,,,,,2023-05-03 15:14:29,Clear sky,,,,60,,,,,,,,20.82,,imperial,,,15.9
,Capstone_tobi,Chicago,,,,,Thunderstorm,Thunderstorm,,,,,,,,,2023-05-04 15:14:29,Thunderstorm,,,,59,,,,,,,,7.77,,imperial,,,5.6
,Capstone_tobi,Chicago,,,,,Few,Few clouds,,,,,,,,,2023-05-05 15:14:29,Few clouds,,,,76,,,,,,,,22.98,,imperial,,,12.6
,Capstone_tobi,Chicago,,,,,Clear,Clear sky,,,,,,,,,2023-05-06 15:14:29,Clear sky,,,,45,,,,,,,,18.06,,imperial,,,6.5
,Capstone_tobi,Chicago,,,,,Clear,Clear sky,,,,,,,,,2023-05-07 15:14:29,Clear sky,,,,57,,,,,,,,8.59,,imperial,,,3.2
,Capstone_tobi,Chicago,,,,,Clear,Clear sky,,,,,,,,,2023-05-08 15:14:29,Clear sky,,,,59,,,,,,,,16.77,,imperial,,,13.7
,Capstone_tobi,Chicago,,,,,Rain,Rain,,,,,,,,,2023-05-09 15:14:29,Rain,,,,61,,,,,,,,14.46,,imperial,,,3.0
,Capstone_tobi,Chicago,,,,,Overcast,Overcast clouds,,,,,,,,,2023-05-10 15:14:29,Overcast clouds,,,,47,,,,,,,,32.26,,imperial,,,9.4
,Capstone_tobi,Chicago,,,,,Clear,Clear sky,,,,,,,,,2023-05-11 15:14:29,Clear sky,,,,71,,,,,,,,26.56,,imperial,,,6.9
,Capstone_tobi,Chicago,,,,,Clear,Clear sky,,,,,,,,,2023-05-12 15:14:29,Clear sky,,,,61,,,,,,,,28.76,,imperial,,,14.7
,Capstone_tobi,Chicago,,,,,Light,Light rain,,,,,,,,,2023-05-13 15:14:29,Light rain,,,,32,,,,,,,,25.08,,imperial,,,5.9
,Capstone_tobi,Chicago,,,,,Clear,Clear sky,,,,,,,,,2023-05-14 15:14:29,Clear sky,,,,61,,,,,,,,24.53,,imperial,,,15.3
,Capstone_tobi,Chicago,,,,,Light,Light rain,,,,,,,,,2023-05-15 15:14:29,Light rain,,,,46,,,,,,,,47.35,,imperial,,,8.7
,Capstone_tobi,Chicago,,,,,Scattered,Scattered clouds,,,,,,,,,2023-05-16 15:14:29,Scattered clouds,,,,80,,,,,,,,27.59,,imperial,,,15.9
,Capstone_tobi,Chicago,,,,,Scattered,Scattered clouds,,,,,,,,,2023-05-17 15:14:29,Scattered clouds,,,,40,,,,,,,,24.14,,imperial,,,8.2
,Capstone_tobi,Chicago,,,,,Clear,Clear sky,,,,,,,,,2023-05-18 15:14:29,Clear sky,,,,69,,,,,,,,28.32,,imperial,,,12.6
,Capstone_tobi,Chicago,,,,,Clear,Clear sky,,,,,,,,,2023-05-19 15:14:29,Clear sky,,,,53,,,,,,,,27.05,,imperial,,,3.3
,Capstone_tobi,Chicago,,,,,Few,Few clouds,,,,,,,,,2023-05-20 15:14:29,Few clouds,,,,91,,,,,,,,27.96,,imperial,,,11.9
,Capstone_tobi,Chicago,,,,,Thunderstorm,Thunderstorm,,,,,,,,,2023-05-21 15:14:29,Thunderstorm,,,,60,,,,,,,,34.14,,imperial,,,5.6
,Capstone_tobi,Chicago,,,,,Few,Few clouds,,,,,,,,,2023-05-22 15:14:29,Few clouds,,,,45,,,,,,,,37.76,,imperial,,,9.8
,Capstone_tobi,Chicago,,,,,Scattered,Scattered clouds,,,,,,,,,2023-05-23 15:14:29,Scattered clouds,,,,66,,,,,,,,44.14,,imperial,,,1.8
,Capstone_tobi,Chicago,,,,,Overcast,Overcast clouds,,,,,,,,,2023-05-24 15:14:29,Overcast clouds,,,,48,,,,,,,,19.4,,imperial,,,3.4
,Capstone_tobi,Chicago,,,,,Few,Few clouds,,,,,,,,,2023-05-25 15:14:29,Few clouds,,,,71,,,,,,,,30.09,,imperial,,,8.3
,Capstone_tobi,Chicago,,,,,Overcast,Overcast clouds,,,,,,,,,2023-05-26 15:14:29,Overcast clouds,,,,89,,,,,,,,36.3,,imperial,,,9.5
,Capstone_tobi,Chicago,,,,,Clear,Clear sky,,,,,,,,,2023-05-27 15:14:29,Clear sky,,,,61,,,,,,,,30.4,,imperial,,,17.7
,Capstone_tobi,Chicago,,,,,Overcast,Overcast clouds,,,,,,,,,2023-05-28 15:14:29,Overcast clouds,,,,21,,,,,,,,38.3,,imperial,,,4.7
,Capstone_tobi,Chicago,,,,,Few,Few clouds,,,,,,,,,2023-05-29 15:14:29,Few clouds,,,,56,,,,,,,,37.75,,imperial,,,8.5
,Capstone_tobi,Chicago,,,,,Scattered,Scattered clouds,,,,,,,,,2023-05-30 15:14:29,Scattered clouds,,,,24,,,,,,,,48.36,,imperial,,,9.9
,Capstone_tobi,Chicago,,,,,Few,Few clouds,,,,,,,,,2023-05-31 15:14:29,Few clouds,,,,62,,,,,,,,33.63,,imperial,,,7.5
,Capstone_tobi,Chicago,,,,,Few,Few clouds,,,,,,,,,2023-06-01 15:14:29,Few clouds,,,,39,,,,,,,,51.98,,imperial,,,4.7
,Capstone_tobi,Chicago,,,,,Few,Few clouds,,,,,,,,,2023-06-02 15:14:29,Few clouds,,,,51,,,,,,,,43.67,,imperial,,,13.5
,Capstone_tobi,Chicago,,,,,Clear,Clear sky,,,,,,,,,2023-06-03 15:14:29,Clear sky,,,,77,,,,,,,,37.31,,imperial,,,5.1
,Capstone_tobi,Chicago,,,,,Clear,Clear sky,,,,,,,,,2023-06-04 15:14:29,Clear sky,,,,58,,,,,,,,38.38,,imperial,,,13.2
,Capstone_tobi,Chicago,,,,,Few,Few clouds,,,,,,,,,2023-06-05 15:14:29,Few clouds,,,,57,,,,,,,,51.47,,imperial,,,10.1
,Capstone_tobi,Chicago,,,,,Light,Light rain,,,,,,,,,2023-06-06 15:14:29,Light rain,,,,33,,,,,,,,41.46,,imperial,,,12.8
,Capstone_tobi,Chicago,,,,,Clear,Clear sky,,,,,,,,,2023-06-07 15:14:29,Clear sky,,,,64,,,,,,,,48.42,,imperial,,,5.8
,Capstone_tobi,Chicago,,,,,Overcast,Overcast clouds,,,,,,,,,2023-06-08 15:14:29,Overcast clouds,,,,55,,,,,,,,28.79,,imperial,,,13.3
,Capstone_tobi,Chicago,,,,,Few,Few clouds,,,,,,,,,2023-06-09 15:14:29,Few clouds,,,,32,,,,,,,,49.47,,imperial,,,9.4
,Capstone_tobi,Chicago,,,,,Clear,Clear sky,,,,,,,,,2023-06-10 15:14:29,Clear sky,,,,26,,,,,,,,47.37,,imperial,,,11.4
,Capstone_tobi,Chicago,,,,,Clear,Clear sky,,,,,,,,,2023-06-11 15:14:29,Clear sky,,,,66,,,,,,,,35.63,,imperial,,,11.3
,Capstone_tobi,Chicago,,,,,Clear,Clear sky,,,,,,,,,2023-06-12 15:14:29,Clear sky,,,,54,,,,,,,,46.11,,imperial,,,12.5
,Capstone_tobi,Chicago,,,,,Clear,Clear sky,,,,,,,,,2023-06-13 15:14:29,Clear sky,,,,69,,,,,,,,50.83,,imperial,,,16.1
,Capstone_tobi,Chicago,,,,,Scattered,Scattered clouds,,,,,,,,,2023-06-14 15:14:29,Scattered clouds,,,,32,,,,,,,,44.35,,imperial,,,11.3
,Capstone_tobi,Chicago,,,,,Snow,Snow,,,,,,,,,2023-06-15 15:14:29,Snow,,,,39,,,,,,,,45.04,,imperial,,,7.8
,Capstone_tobi,Chicago,,,,,Overcast,Overcast clouds,,,,,,,,,2023-06-16 15:14:29,Overcast clouds,,,,50,,,,,,,,40.68,,imperial,,,4.3
,Capstone_tobi,Chicago,,,,,Clear,Clear sky,,,,,,,,,2023-06-17 15:14:29,Clear sky,,,,19,,,,,,,,43.22,,imperial,,,9.0
,Capstone_tobi,Chicago,,,,,Clear,Clear sky,,,,,,,,,2023-06-18 15:14:29,Clear sky,,,,47,,,,,,,,53.39,,imperial,,,0.2
,Capstone_tobi,Chicago,,,,,Few,Few clouds,,,,,,,,,2023-06-19 15:14:29,Few clouds,,,,72,,,,,,,,50.14,,imperial,,,7.0
,Capstone_tobi,Chicago,,,,,Scattered,Scattered clouds,,,,,,,,,2023-06-20 15:14:29,Scattered clouds,,,,24,,,,,,,,53.81,,imperial,,,10.7
,Capstone_tobi,Chicago,,,,,Rain,Rain,,,,,,,,,2023-06-21 15:14:29,Rain,,,,37,,,,,,,,33.6,,imperial,,,6.4
,Capstone_tobi,Chicago,,,,,Overcast,Overcast clouds,,,,,,,,,2023-06-22 15:14:29,Overcast clouds,,,,40,,,,,,,,54.44,,imperial,,,5.1
,Capstone_tobi,Chicago,,,,,Few,Few clouds,,,,,,,,,2023-06-23 15:14:29,Few clouds,,,,76,,,,,,,,47.93,,imperial,,,12.1
,Capstone_tobi,Chicago,,,,,Thunderstorm,Thunderstorm,,,,,,,,,2023-06-24 15:14:29,Thunderstorm,,,,63,,,,,,,,45.37,,imperial,,,4.3
,Capstone_tobi,Chicago,,,,,Clear,Clear sky,,,,,,,,,2023-06-25 15:14:29,Clear sky,,,,52,,,,,,,,38.36,,imperial,,,17.7
,Capstone_tobi,Chicago,,,,,Clear,Clear sky,,,,,,,,,2023-06-26 15:14:29,Clear sky,,,,54,,,,,,,,44.91,,imperial,,,3.2
,Capstone_tobi,Chicago,,,,,Few,Few clouds,,,,,,,,,2023-06-27 15:14:29,Few clouds,,,,49,,,,,,,,55.93,,imperial,,,3.8
,Capstone_tobi,Chicago,,,,,Scattered,Scattered clouds,,,,,,,,,2023-06-28 15:14:29,Scattered clouds,,,,51,,,,,,,,45.98,,imperial,,,14.2
,Capstone_tobi,Chicago,,,,,Overcast,Overcast clouds,,,,,,,,,2023-06-29 15:14:29,Overcast clouds,,,,38,,,,,,,,58.06,,imperial,,,8.8
,Capstone_tobi,Chicago,,,,,Few,Few clouds,,,,,,,,,2023-06-30 15:14:29,Few clouds,,,,69,,,,,,,,58.87,,imperial,,,12.7
,Capstone_tobi,Chicago,,,,,Clear,Clear sky,,,,,,,,,2023-07-01 15:14:29,Clear sky,,,,59,,,,,,,,54.56,,imperial,,,14.7
,Capstone_tobi,Chicago,,,,,Few,Few clouds,,,,,,,,,2023-07-02 15:14:29,Few clouds,,,,38,,,,,,,,48.2,,imperial,,,11.8
,Capstone_tobi,Chicago,,,,,Clear,Clear sky,,,,,,,,,2023-07-03 15:14:29,Clear sky,,,,47,,,,,,,,53.16,,imperial,,,1.0
,Capstone_tobi,Chicago,,,,,Clear,Clear sky,,,,,,,,,2023-07-04 15:14:29,Clear sky,,,,47,,,,,,,,64.5,,imperial,,,8.1
,Capstone_tobi,Chicago,,,,,Rain,Rain,,,,,,,,,2023-07-05 15:14:29,Rain,,,,76,,,,,,,,60.0,,imperial,,,4.9
,Capstone_tobi,Chicago,,,,,Rain,Rain,,,,,,,,,2023-07-06 15:14:29,Rain,,,,59,,,,,,,,53.58,,imperial,,,17.8
,Capstone_tobi,Chicago,,,,,Few,Few clouds,,,,,,,,,2023-07-07 15:14:29,Few clouds,,,,34,,,,,,,,59.16,,imperial,,,12.2
,Capstone_tobi,Chicago,,,,,Clear,Clear sky,,,,,,,,,2023-07-08 15:14:29,Clear sky,,,,43,,,,,,,,56.41,,imperial,,,8.8
,Capstone_tobi,Chicago,,,,,Clear,Clear sky,,,,,,,,,2023-07-09 15:14:29,Clear sky,,,,53,,,,,,,,62.39,,imperial,,,6.1
,Capstone_tobi,Chicago,,,,,Scattered,Scattered clouds,,,,,,,,,2023-07-10 15:14:29,Scattered clouds,,,,68,,,,,,,,42.43,,imperial,,,4.8
,Capstone_tobi,Chicago,,,,,Thunderstorm,Thunderstorm,,,,,,,,,2023-07-11 15:14:29,Thunderstorm,,,,43,,,,,,,,57.28,,imperial,,,6.3
,Capstone_tobi,Chicago,,,,,Clear,Clear sky,,,,,,,,,2023-07-12 15:14:29,Clear sky,,,,60,,,,,,,,71.71,,imperial,,,1.4
,Capstone_tobi,Chicago,,,,,Snow,Snow,,,,,,,,,2023-07-13 15:14:29,Snow,,,,66,,,,,,,,56.7,,imperial,,,3.6
,Capstone_tobi,Chicago,,,,,Few,Few clouds,,,,,,,,,2023-07-14 15:14:29,Few clouds,,,,76,,,,,,,,59.34,,imperial,,,6.2
,Capstone_tobi,Chicago,,,,,Clear,Clear sky,,,,,,,,,2023-07-15 15:14:29,Clear sky,,,,60,,,,,,,,59.09,,imperial,,,15.7
,Capstone_tobi,Chicago,,,,,Clear,Clear sky,,,,,,,,,2023-07-16 15:14:29,Clear sky,,,,56,,,,,,,,61.98,,imperial,,,4.8
,Capstone_tobi,Chicago,,,,,Rain,Rain,,,,,,,,,2023-07-17 15:14:29,Rain,,,,65,,,,,,,,76.41,,imperial,,,4.5
,Capstone_tobi,Chicago,,,,,Clear,Clear sky,,,,,,,,,2023-07-18 15:14:29,Clear sky,,,,64,,,,,,,,80.07,,imperial,,,5.2
,Capstone_tobi,Chicago,,,,,Clear,Clear sky,,,,,,,,,2023-07-19 15:14:29,Clear sky,,,,71,,,,,,,,55.36,,imperial,,,8.1
,Capstone_tobi,Chicago,,,,,Scattered,Scattered clouds,,,,,,,,,2023-07-20 15:14:29,Scattered clouds,,,,19,,,,,,,,68.64,,imperial,,,12.3
,Capstone_tobi,Chicago,,,,,Few,Few clouds,,,,,,,,,2023-07-21 15:14:29,Few clouds,,,,52,,,,,,,,61.95,,imperial,,,9.4
,Capstone_tobi,Chicago,,,,,Overcast,Overcast clouds,,,,,,,,,2023-07-22 15:14:29,Overcast clouds,,,,70,,,,,,,,71.5,,imperial,,,10.7
,Capstone_tobi,Chicago,,,,,Scattered,Scattered clouds,,,,,,,,,2023-07-23 15:14:29,Scattered clouds,,,,63,,,,,,,,63.71,,imperial,,,3.9
,Capstone_tobi,Chicago,,,,,Few,Few clouds,,,,,,,,,2023-07-24 15:14:29,Few clouds,,,,30,,,,,,,,65.77,,imperial,,,0.1
,Capstone_tobi,Chicago,,,,,Snow,Snow,,,,,,,,,2023-07-25 15:14:29,Snow,,,,47,,,,,,,,76.52,,imperial,,,20.7
,Capstone_tobi,Chicago,,,,,Clear,Clear sky,,,,,,,,,2023-07-26 15:14:29,Clear sky,,,,77,,,,,,,,63.49,,imperial,,,7.7
,Capstone_tobi,Chicago,,,,,Clear,Clear sky,,,,,,,,,2023-07-27 15:14:29,Clear sky,,,,37,,,,,,,,74.97,,imperial,,,11.2
,Capstone_tobi,Chicago,,,,,Light,Light rain,,,,,,,,,2023-07-28 15:14:29,Light rain,,,,41,,,,,,,,67.38,,imperial,,,6.0
,Capstone_tobi,Chicago,,,,,Overcast,Overcast clouds,,,,,,,,,2023-07-29 15:14:29,Overcast clouds,,,,54,,,,,,,,77.05,,imperial,,,5.5
,Capstone_tobi,Chicago,,,,,Few,Few clouds,,,,,,,,,2023-07-30 15:14:29,Few clouds,,,,43,,,,,,,,82.59,,imperial,,,10.9
,Capstone_tobi,Chicago,,,,,Few,Few clouds,,,,,,,,,2023-07-31 15:14:29,Few clouds,,,,50,,,,,,,,75.46,,imperial,,,5.6
,Capstone_tobi,Chicago,,,,,Clear,Clear sky,,,,,,,,,2023-08-01 15:14:29,Clear sky,,,,73,,,,,,,,79.09,,imperial,,,8.4
,Capstone_tobi,Chicago,,,,,Scattered,Scattered clouds,,,,,,,,,2023-08-02 15:14:29,Scattered clouds,,,,33,,,,,,,,75.08,,imperial,,,3.7
,Capstone_tobi,Chicago,,,,,Overcast,Overcast clouds,,,,,,,,,2023-08-03 15:14:29,Overcast clouds,,,,48,,,,,,,,68.1,,imperial,,,6.1
,Capstone_tobi,Chicago,,,,,Clear,Clear sky,,,,,,,,,2023-08-04 15:14:29,Clear sky,,,,62,,,,,,,,64.5,,imperial,,,12.0
,Capstone_tobi,Chicago,,,,,Clear,Clear sky,,,,,,,,,2023-08-05 15:14:29,Clear sky,,,,46,,,,,,,,60.35,,imperial,,,5.5
,Capstone_tobi,Chicago,,,,,Light,Light rain,,,,,,,,,2023-08-06 15:14:29,Light rain,,,,56,,,,,,,,68.91,,imperial,,,7.2
,Capstone_tobi,Chicago,,,,,Thunderstorm,Thunderstorm,,,,,,,,,2023-08-07 15:14:29,Thunderstorm,,,,56,,,,,,,,66.98,,imperial,,,0.1
,Capstone_tobi,Chicago,,,,,Few,Few clouds,,,,,,,,,2023-08-08 15:14:29,Few clouds,,,,69,,,,,,,,82.58,,imperial,,,18.2
,Capstone_tobi,Chicago,,,,,Scattered,Scattered clouds,,,,,,,,,2023-08-09 15:14:29,Scattered clouds,,,,15,,,,,,,,66.19,,imperial,,,6.8
,Capstone_tobi,Chicago,,,,,Thunderstorm,Thunderstorm,,,,,,,,,2023-08-10 15:14:29,Thunderstorm,,,,74,,,,,,,,76.53,,imperial,,,6.3
,Capstone_tobi,Chicago,,,,,Rain,Rain,,,,,,,,,2023-08-11 15:14:29,Rain,,,,57,,,,,,,,70.9,,imperial,,,10.0
,Capstone_tobi,Chicago,,,,,Few,Few clouds,,,,,,,,,2023-08-12 15:14:29,Few clouds,,,,75,,,,,,,,78.72,,imperial,,,13.5
,Capstone_tobi,Chicago,,,,,Thunderstorm,Thunderstorm,,,,,,,,,2023-08-13 15:14:29,Thunderstorm,,,,67,,,,,,,,76.52,,imperial,,,5.7
,Capstone_tobi,Chicago,,,,,Clear,Clear sky,,,,,,,,,2023-08-14 15:14:29,Clear sky,,,,41,,,,,,,,77.11,,imperial,,,15.5
,Capstone_tobi,Chicago,,,,,Clear,Clear sky,,,,,,,,,2023-08-15 15:14:29,Clear sky,,,,33,,,,,,,,69.43,,imperial,,,6.3
,Capstone_tobi,Chicago,,,,,Rain,Rain,,,,,,,,,2023-08-16 15:14:29,Rain,,,,67,,,,,,,,85.86,,imperial,,,12.1
,Capstone_tobi,Chicago,,,,,Few,Few clouds,,,,,,,,,2023-08-17 15:14:29,Few clouds,,,,58,,,,,,,,93.89,,imperial,,,10.4
,Capstone_tobi,Chicago,,,,,Clear,Clear sky,,,,,,,,,2023-08-18 15:14:29,Clear sky,,,,44,,,,,,,,77.9,,imperial,,,20.0
,Capstone_tobi,Chicago,,,,,Few,Few clouds,,,,,,,,,2023-08-19 15:14:29,Few clouds,,,,37,,,,,,,,81.45,,imperial,,,2.4
,Capstone_tobi,Chicago,,,,,Clear,Clear sky,,,,,,,,,2023-08-20 15:14:29,Clear sky,,,,48,,,,,,,,75.67,,imperial,,,0.1
,Capstone_tobi,Chicago,,,,,Clear,Clear sky,,,,,,,,,2023-08-21 15:14:29,Clear sky,,,,30,,,,,,,,79.76,,imperial,,,4.8
,Capstone_tobi,Chicago,,,,,Few,Few clouds,,,,,,,,,2023-08-22 15:14:29,Few clouds,,,,53,,,,,,,,74.85,,imperial,,,2.5
,Capstone_tobi,Chicago,,,,,Overcast,Overcast clouds,,,,,,,,,2023-08-23 15:14:29,Overcast clouds,,,,61,,,,,,,,90.39,,imperial,,,2.7
,Capstone_tobi,Chicago,,,,,Overcast,Overcast clouds,,,,,,,,,2023-08-24 15:14:29,Overcast clouds,,,,66,,,,,,,,78.09,,imperial,,,9.5
,Capstone_tobi,Chicago,,,,,Light,Light rain,,,,,,,,,2023-08-25 15:14:29,Light rain,,,,56,,,,,,,,80.97,,imperial,,,10.0
,Capstone_tobi,Chicago,,,,,Clear,Clear sky,,,,,,,,,2023-08-26 15:14:29,Clear sky,,,,71,,,,,,,,79.38,,imperial,,,6.6
,Capstone_tobi,Chicago,,,,,Scattered,Scattered clouds,,,,,,,,,2023-08-27 15:14:29,Scattered clouds,,,,66,,,,,,,,79.58,,imperial,,,0.2
,Capstone_tobi,Chicago,,,,,Scattered,Scattered clouds,,,,,,,,,2023-08-28 15:14:29,Scattered clouds,,,,52,,,,,,,,82.11,,imperial,,,12.6
,Capstone_tobi,Chicago,,,,,Thunderstorm,Thunderstorm,,,,,,,,,2023-08-29 15:14:29,Thunderstorm,,,,62,,,,,,,,91.08,,imperial,,,7.2
,Capstone_tobi,Chicago,,,,,Few,Few clouds,,,,,,,,,2023-08-30 15:14:29,Few clouds,,,,55,,,,,,,,78.07,,imperial,,,4.5
,Capstone_tobi,Chicago,,,,,Few,Few clouds,,,,,,,,,2023-08-31 15:14:29,Few clouds,,,,38,,,,,,,,91.42,,imperial,,,16.4
,Capstone_tobi,Chicago,,,,,Few,Few clouds,,,,,,,,,2023-09-01 15:14:29,Few clouds,,,,56,,,,,,,,79.99,,imperial,,,7.0
,Capstone_tobi,Chicago,,,,,Clear,Clear sky,,,,,,,,,2023-09-02 15:14:29,Clear sky,,,,58,,,,,,,,81.94,,imperial,,,12.1
,Capstone_tobi,Chicago,,,,,Few,Few clouds,,,,,,,,,2023-09-03 15:14:29,Few clouds,,,,39,,,,,,,,85.12,,imperial,,,9.5
,Capstone_tobi,Chicago,,,,,Scattered,Scattered clouds,,,,,,,,,2023-09-04 15:14:29,Scattered clouds,,,,61,,,,,,,,93.06,,imperial,,,7.4
,Capstone_tobi,Chicago,,,,,Clear,Clear sky,,,,,,,,,2023-09-05 15:14:29,Clear sky,,,,42,,,,,,,,73.31,,imperial,,,17.7
,Capstone_tobi,Chicago,,,,,Clear,Clear sky,,,,,,,,,2023-09-06 15:14:29,Clear sky,,,,46,,,,,,,,77.78,,imperial,,,0.1
,Capstone_tobi,Chicago,,,,,Clear,Clear sky,,,,,,,,,2023-09-07 15:14:29,Clear sky,,,,31,,,,,,,,82.1,,imperial,,,14.7
,Capstone_tobi,Denver,,,,,Thunderstorm,Thunderstorm,,,,,,,,,2023-01-01 15:14:29,Thunderstorm,,,,55,,,,,,,,27.46,,imperial,,,22.3
,Capstone_tobi,Denver,,,,,Few,Few clouds,,,,,,,,,2023-01-02 15:14:29,Few clouds,,,,47,,,,,,,,51.75,,imperial,,,3.6
,Capstone_tobi,Denver,,,,,Clear,Clear sky,,,,,,,,,2023-01-03 15:14:29,Clear sky,,,,34,,,,,,,,39.17,,imperial,,,5.5
,Capstone_tobi,Denver,,,,,Clear,Clear sky,,,,,,,,,2023-01-04 15:14:29,Clear sky,,,,63,,,,,,,,38.2,,imperial,,,6.2
,Capstone_tobi,Denver,,,,,Clear,Clear sky,,,,,,,,,2023-01-05 15:14:29,Clear sky,,,,56,,,,,,,,36.78,,imperial,,,10.7
,Capstone_tobi,Denver,,,,,Few,Few clouds,,,,,,,,,2023-01-06 15:14:29,Few clouds,,,,80,,,,,,,,56.31,,imperial,,,9.3
,Capstone_tobi,Denver,,,,,Overcast,Overcast clouds,,,,,,,,,2023-01-07 15:14:29,Overcast clouds,,,,84,,,,,,,,35.08,,imperial,,,10.1
,Capstone_tobi,Denver,,,,,Few,Few clouds,,,,,,,,,2023-01-08 15:14:29,Few clouds,,,,19,,,,,,,,38.66,,imperial,,,9.3
,Capstone_tobi,Denver,,,,,Rain,Rain,,,,,,,,,2023-01-09 15:14:29,Rain,,,,59,,,,,,,,43.54,,imperial,,,10.8
,Capstone_tobi,Denver,,,,,Scattered,Scattered clouds,,,,,,,,,2023-01-10 15:14:29,Scattered clouds,,,,51,,,,,,,,41.08,,imperial,,,12.9
,Capstone_tobi,Denver,,,,,Light,Light rain,,,,,,,,,2023-01-11 15:14:29,Light rain,,,,22,,,,,,,,43.48,,imperial,,,13.0
,Capstone_tobi,Denver,,,,,Overcast,Overcast clouds,,,,,,,,,2023-01-12 15:14:29,Overcast clouds,,,,82,,,,,,,,33.32,,imperial,,,11.5
,Capstone_tobi,Denver,,,,,Few,Few clouds,,,,,,,,,2023-01-13 15:14:29,Few clouds,,,,53,,,,,,,,38.35,,imperial,,,3.2
,Capstone_tobi,Denver,,,,,Clear,Clear sky,,,,,,,,,2023-01-14 15:14:29,Clear sky,,,,65,,,,,,,,24.79,,imperial,,,7.9
,Capstone_tobi,Denver,,,,,Few,Few clouds,,,,,,,,,2023-01-15 15:14:29,Few clouds,,,,65,,,,,,,,44.75,,imperial,,,6.7
,Capstone_tobi,Denver,,,,,Scattered,Scattered clouds,,,,,,,,,2023-01-16 15:14:29,Scattered clouds,,,,51,,,,,,,,43.22,,imperial,,,13.2
,Capstone_tobi,Denver,,,,,Snow,Snow,,,,,,,,,2023-01-17 15:14:29,Snow,,,,56,,,,,,,,33.11,,imperial,,,8.8
,Capstone_tobi,Denver,,,,,Clear,Clear sky,,,,,,,,,2023-01-18 15:14:29,Clear sky,,,,60,,,,,,,,26.32,,imperial,,,13.9
,Capstone_tobi,Denver,,,,,Few,Few clouds,,,,,,,,,2023-01-19 15:14:29,Few clouds,,,,39,,,,,,,,37.26,,imperial,,,12.1
,Capstone_tobi,Denver,,,,,Rain,Rain,,,,,,,,,2023-01-20 15:14:29,Rain,,,,50,,,,,,,,20.36,,imperial,,,9.3
,Capstone_tobi,Denver,,,,,Clear,Clear sky,,,,,,,,,2023-01-21 15:14:29,Clear sky,,,,45,,,,,,,,33.25,,imperial,,,3.5
,Capstone_tobi,Denver,,,,,Few,Few clouds,,,,,,,,,2023-01-22 15:14:29,Few clouds,,,,68,,,,,,,,28.89,,imperial,,,2.7
,Capstone_tobi,Denver,,,,,Snow,Snow,,,,,,,,,2023-01-23 15:14:29,Snow,,,,54,,,,,,,,37.7,,imperial,,,15.9
,Capstone_tobi,Denver,,,,,Scattered,Scattered clouds,,,,,,,,,2023-01-24 15:14:29,Scattered clouds,,,,56,,,,,,,,26.12,,imperial,,,14.0
,Capstone_tobi,Denver,,,,,Clear,Clear sky,,,,,,,,,2023-01-25 15:14:29,Clear sky,,,,61,,,,,,,,33.0,,imperial,,,12.9
,Capstone_tobi,Denver,,,,,Clear,Clear sky,,,,,,,,,2023-01-26 15:14:29,Clear sky,,,,31,,,,,,,,30.65,,imperial,,,6.4
,Capstone_tobi,Denver,,,,,Few,Few clouds,,,,,,,,,2023-01-27 15:14:29,Few clouds,,,,25,,,,,,,,35.04,,imperial,,,13.3
,Capstone_tobi,Denver,,,,,Clear,Clear sky,,,,,,,,,2023-01-28 15:14:29,Clear sky,,,,54,,,,,,,,25.96,,imperial,,,10.0
,Capstone_tobi,Denver,,,,,Scattered,Scattered clouds,,,,,,,,,2023-01-29 15:14:29,Scattered clouds,,,,45,,,,,,,,36.36,,imperial,,,5.7
,Capstone_tobi,Denver,,,,,Clear,Clear sky,,,,,,,,,2023-01-30 15:14:29,Clear sky,,,,30,,,,,,,,32.35,,imperial,,,11.4
,Capstone_tobi,Denver,,,,,Clear,Clear sky,,,,,,,,,2023-01-31 15:14:29,Clear sky,,,,42,,,,,,,,26.3,,imperial,,,13.4
,Capstone_tobi,Denver,,,,,Scattered,Scattered clouds,,,,,,,,,2023-02-01 15:14:29,Scattered clouds,,,,48,,,,,,,,19.63,,imperial,,,7.0
,Capstone_tobi,Denver,,,,,Clear,Clear sky,,,,,,,,,2023-02-02 15:14:29,Clear sky,,,,51,,,,,,,,29.16,,imperial,,,8.7
,Capstone_tobi,Denver,,,,,Scattered,Scattered clouds,,,,,,,,,2023-02-03 15:14:29,Scattered clouds,,,,36,,,,,,,,34.18,,imperial,,,14.9
,Capstone_tobi,Denver,,,,,Few,Few clouds,,,,,,,,,2023-02-04 15:14:29,Few clouds,,,,70,,,,,,,,33.16,,imperial,,,12.9
,Capstone_tobi,Denver,,,,,Clear,Clear sky,,,,,,,,,2023-02-05 15:14:29,Clear sky,,,,61,,,,,,,,20.67,,imperial,,,17.7
,Capstone_tobi,Denver,,,,,Thunderstorm,Thunderstorm,,,,,,,,,2023-02-06 15:14:29,Thunderstorm,,,,63,,,,,,,,18.6,,imperial,,,7.3
,Capstone_tobi,Denver,,,,,Scattered,Scattered clouds,,,,,,,,,2023-02-07 15:14:29,Scattered clouds,,,,48,,,,,,,,42.49,,imperial,,,19.4
,Capstone_tobi,Denver,,,,,Light,Light rain,,,,,,,,,2023-02-08 15:14:29,Light rain,,,,60,,,,,,,,23.99,,imperial,,,1.8
,Capstone_tobi,Denver,,,,,Overcast,Overcast clouds,,,,,,,,,2023-02-09 15:14:29,Overcast clouds,,,,44,,,,,,,,23.97,,imperial,,,1.6
,Capstone_tobi,Denver,,,,,Light,Light rain,,,,,,,,,2023-02-10 15:14:29,Light rain,,,,63,,,,,,,,20.69,,imperial,,,13.3
,Capstone_tobi,Denver,,,,,Light,Light rain,,,,,,,,,2023-02-11 15:14:29,Light rain,,,,69,,,,,,,,34.99,,imperial,,,1.2
,Capstone_tobi,Denver,,,,,Few,Few clouds,,,,,,,,,2023-02-12 15:14:29,Few clouds,,,,46,,,,,,,,29.62,,imperial,,,7.4
,Capstone_tobi,Denver,,,,,Snow,Snow,,,,,,,,,2023-02-13 15:14:29,Snow,,,,64,,,,,,,,32.14,,imperial,,,6.2
,Capstone_tobi,Denver,,,,,Snow,Snow,,,,,,,,,2023-02-14 15:14:29,Snow,,,,58,,,,,,,,33.88,,imperial,,,9.5
,Capstone_tobi,Denver,,,,,Overcast,Overcast clouds,,,,,,,,,2023-02-15 15:14:29,Overcast clouds,,,,46,,,,,,,,28.18,,imperial,,,6.6
,Capstone_tobi,Denver,,,,,Clear,Clear sky,,,,,,,,,2023-02-16 15:14:29,Clear sky,,,,50,,,,,,,,24.84,,imperial,,,13.3
,Capstone_tobi,Denver,,,,,Few,Few clouds,,,,,,,,,2023-02-17 15:14:29,Few clouds,,,,62,,,,,,,,29.89,,imperial,,,14.3
,Capstone_tobi,Denver,,,,,Few,Few clouds,,,,,,,,,2023-02-18 15:14:29,Few clouds,,,,46,,,,,,,,31.91,,imperial,,,16.9
,Capstone_tobi,Denver,,,,,Scattered,Scattered clouds,,,,,,,,,2023-02-19 15:14:29,Scattered clouds,,,,48,,,,,,,,27.25,,imperial,,,5.0
,Capstone_tobi,Denver,,,,,Rain,Rain,,,,,,,,,2023-02-20 15:14:29,Rain,,,,52,,,,,,,,23.25,,imperial,,,4.7
,Capstone_tobi,Denver,,,,,Clear,Clear sky,,,,,,,,,2023-02-21 15:14:29,Clear sky,,,,77,,,,,,,,8.99,,imperial,,,9.9
,Capstone_tobi,Denver,,,,,Clear,Clear sky,,,,,,,,,2023-02-22 15:14:29,Clear sky,,,,49,,,,,,,,29.5,,imperial,,,13.0
,Capstone_tobi,Denver,,,,,Clear,Clear sky,,,,,,,,,2023-02-23 15:14:29,Clear sky,,,,63,,,,,,,,14.47,,imperial,,,6.1
,Capstone_tobi,Denver,,,,,Clear,Clear sky,,,,,,,,,2023-02-24 15:14:29,Clear sky,,,,56,,,,,,,,31.19,,imperial,,,12.1
,Capstone_tobi,Denver,,,,,Light,Light rain,,,,,,,,,2023-02-25 15:14:29,Light rain,,,,39,,,,,,,,28.27,,imperial,,,2.3
,Capstone_tobi,Denver,,,,,Few,Few clouds,,,,,,,,,2023-02-26 15:14:29,Few clouds,,,,85,,,,,,,,18.65,,imperial,,,6.4
,Capstone_tobi,Denver,,,,,Few,Few clouds,,,,,,,,,2023-02-27 15:14:29,Few clouds,,,,71,,,,,,,,21.93,,imperial,,,10.8
,Capstone_tobi,Denver,,,,,Clear,Clear sky,,,,,,,,,2023-02-28 15:14:29,Clear sky,,,,39,,,,,,,,31.26,,imperial,,,14.8
,Capstone_tobi,Denver,,,,,Few,Few clouds,,,,,,,,,2023-03-01 15:14:29,Few clouds,,,,55,,,,,,,,32.51,,imperial,,,6.4
,Capstone_tobi,Denver,,,,,Clear,Clear sky,,,,,,,,,2023-03-02 15:14:29,Clear sky,,,,56,,,,,,,,22.04,,imperial,,,11.2
,Capstone_tobi,Denver,,,,,Few,Few clouds,,,,,,,,,2023-03-03 15:14:29,Few clouds,,,,32,,,,,,,,29.65,,imperial,,,4.5
,Capstone_tobi,Denver,,,,,Clear,Clear sky,,,,,,,,,2023-03-04 15:14:29,Clear sky,,,,52,,,,,,,,9.56,,imperial,,,12.8
,Capstone_tobi,Denver,,,,,Few,Few clouds,,,,,,,,,2023-03-05 15:14:29,Few clouds,,,,61,,,,,,,,29.56,,imperial,,,12.0
,Capstone_tobi,Denver,,,,,Scattered,Scattered clouds,,,,,,,,,2023-03-06 15:14:29,Scattered clouds,,,,67,,,,,,,,7.53,,imperial,,,5.2
,Capstone_tobi,Denver,,,,,Rain,Rain,,,,,,,,,2023-03-07 15:14:29,Rain,,,,68,,,,,,,,32.33,,imperial,,,9.8
,Capstone_tobi,Denver,,,,,Light,Light rain,,,,,,,,,2023-03-08 15:14:29,Light rain,,,,48,,,,,,,,11.74,,imperial,,,13.2
,Capstone_tobi,Denver,,,,,Scattered,Scattered clouds,,,,,,,,,2023-03-09 15:14:29,Scattered clouds,,,,23,,,,,,,,19.49,,imperial,,,7.7
,Capstone_tobi,Denver,,,,,Overcast,Overcast clouds,,,,,,,,,2023-03-10 15:14:29,Overcast clouds,,,,62,,,,,,,,7.03,,imperial,,,6.8
,Capstone_tobi,Denver,,,,,Scattered,Scattered clouds,,,,,,,,,2023-03-11 15:14:29,Scattered clouds,,,,60,,,,,,,,21.21,,imperial,,,13.2
,Capstone_tobi,Denver,,,,,Clear,Clear sky,,,,,,,,,2023-03-12 15:14:29,Clear sky,,,,27,,,,,,,,20.4,,imperial,,,1.0
,Capstone_tobi,Denver,,,,,Overcast,Overcast clouds,,,,,,,,,2023-03-13 15:14:29,Overcast clouds,,,,62,,,,,,,,16.82,,imperial,,,5.3
,Capstone_tobi,Denver,,,,,Few,Few clouds,,,,,,,,,2023-03-14 15:14:29,Few clouds,,,,72,,,,,,,,23.08,,imperial,,,9.3
,Capstone_tobi,Denver,,,,,Few,Few clouds,,,,,,,,,2023-03-15 15:14:29,Few clouds,,,,40,,,,,,,,13.1,,imperial,,,6.8
,Capstone_tobi,Denver,,,,,Few,Few clouds,,,,,,,,,2023-03-16 15:14:29,Few clouds,,,,39,,,,,,,,23.59,,imperial,,,9.9
,Capstone_tobi,Denver,,,,,Snow,Snow,,,,,,,,,2023-03-17 15:14:29,Snow,,,,25,,,,,,,,29.75,,imperial,,,8.0
,Capstone_tobi,Denver,,,,,Few,Few clouds,,,,,,,,,2023-03-18 15:14:29,Few clouds,,,,63,,,,,,,,26.58,,imperial,,,4.0
,Capstone_tobi,Denver,,,,,Clear,Clear sky,,,,,,,,,2023-03-19 15:14:29,Clear sky,,,,69,,,,,,,,18.99,,imperial,,,13.1
,Capstone_tobi,Denver,,,,,Light,Light rain,,,,,,,,,2023-03-20 15:14:29,Light rain,,,,55,,,,,,,,18.14,,imperial,,,15.3
,Capstone_tobi,Denver,,,,,Thunderstorm,Thunderstorm,,,,,,,,,2023-03-21 15:14:29,Thunderstorm,,,,64,,,,,,,,25.35,,imperial,,,8.3
,Capstone_tobi,Denver,,,,,Overcast,Overcast clouds,,,,,,,,,2023-03-22 15:14:29,Overcast clouds,,,,56,,,,,,,,24.39,,imperial,,,10.3
,Capstone_tobi,Denver,,,,,Snow,Snow,,,,,,,,,2023-03-23 15:14:29,Snow,,,,31,,,,,,,,15.44,,imperial,,,10.4
,Capstone_tobi,Denver,,,,,Few,Few clouds,,,,,,,,,2023-03-24 15:14:29,Few clouds,,,,48,,,,,,,,20.49,,imperial,,,3.9
,Capstone_tobi,Denver,,,,,Overcast,Overcast clouds,,,,,,,,,2023-03-25 15:14:29,Overcast clouds,,,,51,,,,,,,,12.69,,imperial,,,16.7
,Capstone_tobi,Denver,,,,,Clear,Clear sky,,,,,,,,,2023-03-26 15:14:29,Clear sky,,,,78,,,,,,,,17.27,,imperial,,,10.6
,Capstone_tobi,Denver,,,,,Few,Few clouds,,,,,,,,,2023-03-27 15:14:29,Few clouds,,,,32,,,,,,,,18.39,,imperial,,,14.9
,Capstone_tobi,Denver,,,,,Overcast,Overcast clouds,,,,,,,,,2023-03-28 15:14:29,Overcast clouds,,,,51,,,,,,,,25.56,,imperial,,,13.6
,Capstone_tobi,Denver,,,,,Clear,Clear sky,,,,,,,,,2023-03-29 15:14:29,Clear sky,,,,64,,,,,,,,23.68,,imperial,,,11.8
,Capstone_tobi,Denver,,,,,Light,Light rain,,,,,,,,,2023-03-30 15:14:29,Light rain,,,,74,,,,,,,,8.33,,imperial,,,11.8
,Capstone_tobi,Denver,,,,,Few,Few clouds,,,,,,,,,2023-03-31 15:14:29,Few clouds,,,,54,,,,,,,,26.67,,imperial,,,3.7
,Capstone_tobi,Denver,,,,,Clear,Clear sky,,,,,,,,,2023-04-01 15:14:29,Clear sky,,,,38,,,,,,,,34.9,,imperial,,,1.1
,Capstone_tobi,Denver,,,,,Scattered,Scattered clouds,,,,,,,,,2023-04-02 15:14:29,Scattered clouds,,,,66,,,,,,,,12.67,,imperial,,,12.5
,Capstone_tobi,Denver,,,,,Overcast,Overcast clouds,,,,,,,,,2023-04-03 15:14:29,Overcast clouds,,,,75,,,,,,,,5.65,,imperial,,,12.0
,Capstone_tobi,Denver,,,,,Few,Few clouds,,,,,,,,,2023-04-04 15:14:29,Few clouds,,,,81,,,,,,,,4.14,,imperial,,,8.3
,Capstone_tobi,Denver,,,,,Clear,Clear sky,,,,,,,,,2023-04-05 15:14:29,Clear sky,,,,43,,,,,,,,19.86,,imperial,,,9.1
,Capstone_tobi,Denver,,,,,Few,Few clouds,,,,,,,,,2023-04-06 15:14:29,Few clouds,,,,71,,,,,,,,22.49,,imperial,,,8.3
,Capstone_tobi,Denver,,,,,Scattered,Scattered clouds,,,,,,,,,2023-04-07 15:14:29,Scattered clouds,,,,48,,,,,,,,22.4,,imperial,,,7.0
,Capstone_tobi,Denver,,,,,Clear,Clear sky,,,,,,,,,2023-04-08 15:14:29,Clear sky,,,,61,,,,,,,,29.67,,imperial,,,16.1
,Capstone_tobi,Denver,,,,,Few,Few clouds,,,,,,,,,2023-04-09 15:14:29,Few clouds,,,,54,,,,,,,,19.53,,imperial,,,8.4
,Capstone_tobi,Denver,,,,,Clear,Clear sky,,,,,,,,,2023-04-10 15:14:29,Clear sky,,,,55,,,,,,,,5.57,,imperial,,,10.8
,Capstone_tobi,Denver,,,,,Few,Few clouds,,,,,,,,,2023-04-11 15:14:29,Few clouds,,,,47,,,,,,,,21.39,,imperial,,,5.6
,Capstone_tobi,Denver,,,,,Few,Few clouds,,,,,,,,,2023-04-12 15:14:29,Few clouds,,,,50,,,,,,,,20.87,,imperial,,,7.3
,Capstone_tobi,Denver,,,,,Few,Few clouds,,,,,,,,,2023-04-13 15:14:29,Few clouds,,,,78,,,,,,,,25.03,,imperial,,,5.8
,Capstone_tobi,Denver,,,,,Clear,Clear sky,,,,,,,,,2023-04-14 15:14:29,Clear sky,,,,24,,,,,,,,29.42,,imperial,,,7.8
,Capstone_tobi,Denver,,,,,Few,Few clouds,,,,,,,,,2023-04-15 15:14:29,Few clouds,,,,82,,,,,,,,26.85,,imperial,,,8.8
,Capstone_tobi,Denver,,,,,Few,Few clouds,,,,,,,,,2023-04-16 15:14:29,Few clouds,,,,38,,,,,,,,13.83,,imperial,,,6.9
,Capstone_tobi,Denver,,,,,Clear,Clear sky,,,,,,,,,2023-04-17 15:14:29,Clear sky,,,,58,,,,,,,,31.38,,imperial,,,15.9
,Capstone_tobi,Denver,,,,,Clear,Clear sky,,,,,,,,,2023-04-18 15:14:29,Clear sky,,,,48,,,,,,,,23.39,,imperial,,,10.3
,Capstone_tobi,Denver,,,,,Few,Few clouds,,,,,,,,,2023-04-19 15:14:29,Few clouds,,,,44,,,,,,,,11.38,,imperial,,,6.5
,Capstone_tobi,Denver,,,,,Clear,Clear sky,,,,,,,,,2023-04-20 15:14:29,Clear sky,,,,38,,,,,,,,22.37,,imperial,,,14.1
,Capstone_tobi,Denver,,,,,Overcast,Overcast clouds,,,,,,,,,2023-04-21 15:14:29,Overcast clouds,,,,75,,,,,,,,20.61,,imperial,,,9.4
,Capstone_tobi,Denver,,,,,Scattered,Scattered clouds,,,,,,,,,2023-04-22 15:14:29,Scattered clouds,,,,66,,,,,,,,23.29,,imperial,,,6.8
,Capstone_tobi,Denver,,,,,Rain,Rain,,,,,,,,,2023-04-23 15:14:29,Rain,,,,35,,,,,,,,8.97,,imperial,,,10.2
,Capstone_tobi,Denver,,,,,Clear,Clear sky,,,,,,,,,2023-04-24 15:14:29,Clear sky,,,,45,,,,,,,,29.63,,imperial,,,3.2
,Capstone_tobi,Denver,,,,,Scattered,Scattered clouds,,,,,,,,,2023-04-25 15:14:29,Scattered clouds,,,,47,,,,,,,,26.44,,imperial,,,7.0
,Capstone_tobi,Denver,,,,,Overcast,Overcast clouds,,,,,,,,,2023-04-26 15:14:29,Overcast clouds,,,,27,,,,,,,,38.35,,imperial,,,13.3
,Capstone_tobi,Denver,,,,,Rain,Rain,,,,,,,,,2023-04-27 15:14:29,Rain,,,,68,,,,,,,,18.64,,imperial,,,12.7
,Capstone_tobi,Denver,,,,,Clear,Clear sky,,,,,,,,,2023-04-28 15:14:29,Clear sky,,,,34,,,,,,,,27.59,,imperial,,,4.1
,Capstone_tobi,Denver,,,,,Overcast,Overcast clouds,,,,,,,,,2023-04-29 15:14:29,Overcast clouds,,,,50,,,,,,,,24.56,,imperial,,,7.6
,Capstone_tobi,Denver,,,,,Overcast,Overcast clouds,,,,,,,,,2023-04-30 15:14:29,Overcast clouds,,,,67,,,,,,,,24.5,,imperial,,,5.1
,Capstone_tobi,Denver,,,,,Scattered,Scattered clouds,,,,,,,,,2023-05-01 15:14:29,Scattered clouds,,,,48,,,,,,,,21.77,,imperial,,,4.9
,Capstone_tobi,Denver,,,,,Clear,Clear sky,,,,,,,,,2023-05-02 15:14:29,Clear sky,,,,61,,,,,,,,30.89,,imperial,,,9.6
,Capstone_tobi,Denver,,,,,Clear,Clear sky,,,,,,,,,2023-05-03 15:14:29,Clear sky,,,,47,,,,,,,,37.73,,imperial,,,5.6
,Capstone_tobi,Denver,,,,,Light,Light rain,,,,,,,,,2023-05-04 15:14:29,Light rain,,,,55,,,,,,,,39.76,,imperial,,,5.9
,Capstone_tobi,Denver,,,,,Scattered,Scattered clouds,,,,,,,,,2023-05-05 15:14:29,Scattered clouds,,,,79,,,,,,,,23.51,,imperial,,,5.2
,Capstone_tobi,Denver,,,,,Few,Few clouds,,,,,,,,,2023-05-06 15:14:29,Few clouds,,,,22,,,,,,,,14.93,,imperial,,,5.1
,Capstone_tobi,Denver,,,,,Clear,Clear sky,,,,,,,,,2023-05-07 15:14:29,Clear sky,,,,54,,,,,,,,21.78,,imperial,,,4.4
,Capstone_tobi,Denver,,,,,Scattered,Scattered clouds,,,,,,,,,2023-05-08 15:14:29,Scattered clouds,,,,66,,,,,,,,38.63,,imperial,,,4.9
,Capstone_tobi,Denver,,,,,Clear,Clear sky,,,,,,,,,2023-05-09 15:14:29,Clear sky,,,,55,,,,,,,,33.24,,imperial,,,6.3
,Capstone_tobi,Denver,,,,,Clear,Clear sky,,,,,,,,,2023-05-10 15:14:29,Clear sky,,,,74,,,,,,,,31.45,,imperial,,,2.2
,Capstone_tobi,Denver,,,,,Overcast,Overcast clouds,,,,,,,,,2023-05-11 15:14:29,Overcast clouds,,,,67,,,,,,,,22.84,,imperial,,,12.3
,Capstone_tobi,Denver,,,,,Scattered,Scattered clouds,,,,,,,,,2023-05-12 15:14:29,Scattered clouds,,,,76,,,,,,,,33.48,,imperial,,,7.2
,Capstone_tobi,Denver,,,,,Scattered,Scattered clouds,,,,,,,,,2023-05-13 15:14:29,Scattered clouds,,,,48,,,,,,,,27.32,,imperial,,,7.9
,Capstone_tobi,Denver,,,,,Light,Light rain,,,,,,,,,2023-05-14 15:14:29,Light rain,,,,47,,,,,,,,37.09,,imperial,,,6.6
,Capstone_tobi,Denver,,,,,Clear,Clear sky,,,,,,,,,2023-05-15 15:14:29,Clear sky,,,,58,,,,,,,,22.16,,imperial,,,8.2
,Capstone_tobi,Denver,,,,,Light,Light rain,,,,,,,,,2023-05-16 15:14:29,Light rain,,,,50,,,,,,,,30.27,,imperial,,,6.3
,Capstone_tobi,Denver,,,,,Scattered,Scattered clouds,,,,,,,,,2023-05-17 15:14:29,Scattered clouds,,,,76,,,,,,,,29.93,,imperial,,,5.6
,Capstone_tobi,Denver,,,,,Clear,Clear sky,,,,,,,,,2023-05-18 15:14:29,Clear sky,,,,71,,,,,,,,32.67,,imperial,,,8.1
,Capstone_tobi,Denver,,,,,Snow,Snow,,,,,,,,,2023-05-19 15:14:29,Snow,,,,24,,,,,,,,31.67,,imperial,,,4.8
,Capstone_tobi,Denver,,,,,Clear,Clear sky,,,,,,,,,2023-05-20 15:14:29,Clear sky,,,,60,,,,,,,,39.6,,imperial,,,5.0
,Capstone_tobi,Denver,,,,,Light,Light rain,,,,,,,,,2023-05-21 15:14:29,Light rain,,,,53,,,,,,,,28.84,,imperial,,,6.8
,Capstone_tobi,Denver,,,,,Scattered,Scattered clouds,,,,,,,,,2023-05-22 15:14:29,Scattered clouds,,,,58,,,,,,,,37.43,,imperial,,,0.4
,Capstone_tobi,Denver,,,,,Scattered,Scattered clouds,,,,,,,,,2023-05-23 15:14:29,Scattered clouds,,,,35,,,,,,,,15.55,,imperial,,,6.5
,Capstone_tobi,Denver,,,,,Clear,Clear sky,,,,,,,,,2023-05-24 15:14:29,Clear sky,,,,58,,,,,,,,35.19,,imperial,,,5.0
,Capstone_tobi,Denver,,,,,Clear,Clear sky,,,,,,,,,2023-05-25 15:14:29,Clear sky,,,,41,,,,,,,,32.52,,imperial,,,7.6
,Capstone_tobi,Denver,,,,,Scattered,Scattered clouds,,,,,,,,,2023-05-26 15:14:29,Scattered clouds,,,,62,,,,,,,,34.69,,imperial,,,12.9
,Capstone_tobi,Denver,,,,,Rain,Rain,,,,,,,,,2023-05-27 15:14:29,Rain,,,,67,,,,,,,,29.87,,imperial,,,16.0
,Capstone_tobi,Denver,,,,,Overcast,Overcast clouds,,,,,,,,,2023-05-28 15:14:29,Overcast clouds,,,,41,,,,,,,,35.83,,imperial,,,7.6
,Capstone_tobi,Denver,,,,,Few,Few clouds,,,,,,,,,2023-05-29 15:14:29,Few clouds,,,,67,,,,,,,,41.25,,imperial,,,12.4
,Capstone_tobi,Denver,,,,,Snow,Snow,,,,,,,,,2023-05-30 15:14:29,Snow,,,,44,,,,,,,,43.25,,imperial,,,6.6
,Capstone_tobi,Denver,,,,,Clear,Clear sky,,,,,,,,,2023-05-31 15:14:29,Clear sky,,,,40,,,,,,,,39.07,,imperial,,,8.7
,Capstone_tobi,Denver,,,,,Few,Few clouds,,,,,,,,,2023-06-01 15:14:29,Few clouds,,,,57,,,,,,,,44.14,,imperial,,,4.8
,Capstone_tobi,Denver,,,,,Light,Light rain,,,,,,,,,2023-06-02 15:14:29,Light rain,,,,90,,,,,,,,47.99,,imperial,,,8.9
,Capstone_tobi,Denver,,,,,Few,Few clouds,,,,,,,,,2023-06-03 15:14:29,Few clouds,,,,47,,,,,,,,48.21,,imperial,,,6.8
,Capstone_tobi,Denver,,,,,Overcast,Overcast clouds,,,,,,,,,2023-06-04 15:14:29,Overcast clouds,,,,61,,,,,,,,35.78,,imperial,,,7.4
,Capstone_tobi,Denver,,,,,Few,Few clouds,,,,,,,,,2023-06-05 15:14:29,Few clouds,,,,67,,,,,,,,41.44,,imperial,,,13.9
,Capstone_tobi,Denver,,,,,Scattered,Scattered clouds,,,,,,,,,2023-06-06 15:14:29,Scattered clouds,,,,72,,,,,,,,43.59,,imperial,,,16.9
,Capstone_tobi,Denver,,,,,Clear,Clear sky,,,,,,,,,2023-06-07 15:14:29,Clear sky,,,,53,,,,,,,,39.82,,imperial,,,15.5
,Capstone_tobi,Denver,,,,,Scattered,Scattered clouds,,,,,,,,,2023-06-08 15:14:29,Scattered clouds,,,,49,,,,,,,,44.4,,imperial,,,14.9
,Capstone_tobi,Denver,,,,,Rain,Rain,,,,,,,,,2023-06-09 15:14:29,Rain,,,,66,,,,,,,,39.59,,imperial,,,1.6
,Capstone_tobi,Denver,,,,,Few,Few clouds,,,,,,,,,2023-06-10 15:14:29,Few clouds,,,,44,,,,,,,,43.59,,imperial,,,8.1
,Capstone_tobi,Denver,,,,,Few,Few clouds,,,,,,,,,2023-06-11 15:14:29,Few clouds,,,,60,,,,,,,,52.74,,imperial,,,5.3
,Capstone_tobi,Denver,,,,,Rain,Rain,,,,,,,,,2023-06-12 15:14:29,Rain,,,,74,,,,,,,,36.69,,imperial,,,14.5
,Capstone_tobi,Denver,,,,,Few,Few clouds,,,,,,,,,2023-06-13 15:14:29,Few clouds,,,,65,,,,,,,,38.62,,imperial,,,12.1
,Capstone_tobi,Denver,,,,,Rain,Rain,,,,,,,,,2023-06-14 15:14:29,Rain,,,,48,,,,,,,,47.72,,imperial,,,10.3
,Capstone_tobi,Denver,,,,,Clear,Clear sky,,,,,,,,,2023-06-15 15:14:29,Clear sky,,,,51,,,,,,,,48.2,,imperial,,,15.6
,Capstone_tobi,Denver,,,,,Scattered,Scattered clouds,,,,,,,,,2023-06-16 15:14:29,Scattered clouds,,,,66,,,,,,,,37.89,,imperial,,,6.4
,Capstone_tobi,Denver,,,,,Clear,Clear sky,,,,,,,,,2023-06-17 15:14:29,Clear sky,,,,49,,,,,,,,51.83,,imperial,,,14.2
,Capstone_tobi,Denver,,,,,Few,Few clouds,,,,,,,,,2023-06-18 15:14:29,Few clouds,,,,68,,,,,,,,46.21,,imperial,,,11.7
,Capstone_tobi,Denver,,,,,Overcast,Overcast clouds,,,,,,,,,2023-06-19 15:14:29,Overcast clouds,,,,30,,,,,,,,41.54,,imperial,,,5.9
,Capstone_tobi,Denver,,,,,Rain,Rain,,,,,,,,,2023-06-20 15:14:29,Rain,,,,43,,,,,,,,54.8,,imperial,,,6.3
,Capstone_tobi,Denver,,,,,Few,Few clouds,,,,,,,,,2023-06-21 15:14:29,Few clouds,,,,55,,,,,,,,52.61,,imperial,,,8.9
,Capstone_tobi,Denver,,,,,Clear,Clear sky,,,,,,,,,2023-06-22 15:14:29,Clear sky,,,,58,,,,,,,,54.61,,imperial,,,9.7
,Capstone_tobi,Denver,,,,,Clear,Clear sky,,,,,,,,,2023-06-23 15:14:29,Clear sky,,,,59,,,,,,,,38.42,,imperial,,,8.2
,Capstone_tobi,Denver,,,,,Light,Light rain,,,,,,,,,2023-06-24 15:14:29,Light rain,,,,60,,,,,,,,55.05,,imperial,,,6.4
,Capstone_tobi,Denver,,,,,Clear,Clear sky,,,,,,,,,2023-06-25 15:14:29,Clear sky,,,,60,,,,,,,,50.86,,imperial,,,5.3
,Capstone_tobi,Denver,,,,,Clear,Clear sky,,,,,,,,,2023-06-26 15:14:29,Clear sky,,,,65,,,,,,,,48.52,,imperial,,,0.7
,Capstone_tobi,Denver,,,,,Snow,Snow,,,,,,,,,2023-06-27 15:14:29,Snow,,,,53,,,,,,,,53.99,,imperial,,,6.7
,Capstone_tobi,Denver,,,,,Clear,Clear sky,,,,,,,,,2023-06-28 15:14:29,Clear sky,,,,57,,,,,,,,54.17,,imperial,,,14.9
,Capstone_tobi,Denver,,,,,Clear,Clear sky,,,,,,,,,2023-06-29 15:14:29,Clear sky,,,,61,,,,,,,,46.51,,imperial,,,5.3
,Capstone_tobi,Denver,,,,,Rain,Rain,,,,,,,,,2023-06-30 15:14:29,Rain,,,,58,,,,,,,,47.61,,imperial,,,6.7
,Capstone_tobi,Denver,,,,,Clear,Clear sky,,,,,,,,,2023-07-01 15:14:29,Clear sky,,,,46,,,,,,,,50.01,,imperial,,,14.4
,Capstone_tobi,Denver,,,,,Clear,Clear sky,,,,,,,,,2023-07-02 15:14:29,Clear sky,,,,58,,,,,,,,55.04,,imperial,,,2.4
,Capstone_tobi,Denver,,,,,Overcast,Overcast clouds,,,,,,,,,2023-07-03 15:14:29,Overcast clouds,,,,67,,,,,,,,44.56,,imperial,,,12.2
,Capstone_tobi,Denver,,,,,Thunderstorm,Thunderstorm,,,,,,,,,2023-07-04 15:14:29,Thunderstorm,,,,73,,,,,,,,52.97,,imperial,,,8.1
,Capstone_tobi,Denver,,,,,Overcast,Overcast clouds,,,,,,,,,2023-07-05 15:14:29,Overcast clouds,,,,33,,,,,,,,54.73,,imperial,,,14.6
,Capstone_tobi,Denver,,,,,Few,Few clouds,,,,,,,,,2023-07-06 15:14:29,Few clouds,,,,50,,,,,,,,70.32,,imperial,,,10.0
,Capstone_tobi,Denver,,,,,Scattered,Scattered clouds,,,,,,,,,2023-07-07 15:14:29,Scattered clouds,,,,55,,,,,,,,53.95,,imperial,,,4.2
,Capstone_tobi,Denver,,,,,Clear,Clear sky,,,,,,,,,2023-07-08 15:14:29,Clear sky,,,,48,,,,,,,,55.64,,imperial,,,10.2
,Capstone_tobi,Denver,,,,,Few,Few clouds,,,,,,,,,2023-07-09 15:14:29,Few clouds,,,,38,,,,,,,,54.34,,imperial,,,5.7
,Capstone_tobi,Denver,,,,,Few,Few clouds,,,,,,,,,2023-07-10 15:14:29,Few clouds,,,,44,,,,,,,,47.93,,imperial,,,7.3
,Capstone_tobi,Denver,,,,,Rain,Rain,,,,,,,,,2023-07-11 15:14:29,Rain,,,,66,,,,,,,,64.57,,imperial,,,10.5
,Capstone_tobi,Denver,,,,,Clear,Clear sky,,,,,,,,,2023-07-12 15:14:29,Clear sky,,,,62,,,,,,,,66.52,,imperial,,,14.7
,Capstone_tobi,Denver,,,,,Rain,Rain,,,,,,,,,2023-07-13 15:14:29,Rain,,,,78,,,,,,,,62.59,,imperial,,,10.6
,Capstone_tobi,Denver,,,,,Clear,Clear sky,,,,,,,,,2023-07-14 15:14:29,Clear sky,,,,73,,,,,,,,65.12,,imperial,,,15.3
,Capstone_tobi,Denver,,,,,Clear,Clear sky,,,,,,,,,2023-07-15 15:14:29,Clear sky,,,,56,,,,,,,,57.39,,imperial,,,6.5
,Capstone_tobi,Denver,,,,,Overcast,Overcast clouds,,,,,,,,,2023-07-16 15:14:29,Overcast clouds,,,,68,,,,,,,,70.64,,imperial,,,9.4
,Capstone_tobi,Denver,,,,,Clear,Clear sky,,,,,,,,,2023-07-17 15:14:29,Clear sky,,,,37,,,,,,,,59.38,,imperial,,,12.7
,Capstone_tobi,Denver,,,,,Snow,Snow,,,,,,,,,2023-07-18 15:14:29,Snow,,,,43,,,,,,,,54.15,,imperial,,,3.6
,Capstone_tobi,Denver,,,,,Overcast,Overcast clouds,,,,,,,,,2023-07-19 15:14:29,Overcast clouds,,,,92,,,,,,,,65.04,,imperial,,,6.7
,Capstone_tobi,Denver,,,,,Few,Few clouds,,,,,,,,,2023-07-20 15:14:29,Few clouds,,,,33,,,,,,,,65.11,,imperial,,,2.4
,Capstone_tobi,Denver,,,,,Clear,Clear sky,,,,,,,,,2023-07-21 15:14:29,Clear sky,,,,76,,,,,,,,66.54,,imperial,,,1.1
,Capstone_tobi,Denver,,,,,Clear,Clear sky,,,,,,,,,2023-07-22 15:14:29,Clear sky,,,,44,,,,,,,,67.87,,imperial,,,7.9
,Capstone_tobi,Denver,,,,,Few,Few clouds,,,,,,,,,2023-07-23 15:14:29,Few clouds,,,,44,,,,,,,,57.63,,imperial,,,7.7
,Capstone_tobi,Denver,,,,,Light,Light rain,,,,,,,,,2023-07-24 15:14:29,Light rain,,,,31,,,,,,,,54.93,,imperial,,,10.7
,Capstone_tobi,Denver,,,,,Few,Few clouds,,,,,,,,,2023-07-25 15:14:29,Few clouds,,,,39,,,,,,,,72.97,,imperial,,,7.1
,Capstone_tobi,Denver,,,,,Scattered,Scattered clouds,,,,,,,,,2023-07-26 15:14:29,Scattered clouds,,,,64,,,,,,,,64.34,,imperial,,,1.5
,Capstone_tobi,Denver,,,,,Snow,Snow,,,,,,,,,2023-07-27 15:14:29,Snow,,,,58,,,,,,,,72.66,,imperial,,,9.7
,Capstone_tobi,Denver,,,,,Light,Light rain,,,,,,,,,2023-07-28 15:14:29,Light rain,,,,54,,,,,,,,60.5,,imperial,,,13.6
,Capstone_tobi,Denver,,,,,Few,Few clouds,,,,,,,,,2023-07-29 15:14:29,Few clouds,,,,49,,,,,,,,54.26,,imperial,,,6.5
,Capstone_tobi,Denver,,,,,Rain,Rain,,,,,,,,,2023-07-30 15:14:29,Rain,,,,82,,,,,,,,72.29,,imperial,,,7.8
,Capstone_tobi,Denver,,,,,Scattered,Scattered clouds,,,,,,,,,2023-07-31 15:14:29,Scattered clouds,,,,54,,,,,,,,64.11,,imperial,,,6.2
,Capstone_tobi,Denver,,,,,Clear,Clear sky,,,,,,,,,2023-08-01 15:14:29,Clear sky,,,,52,,,,,,,,68.92,,imperial,,,16.6
,Capstone_tobi,Denver,,,,,Overcast,Overcast clouds,,,,,,,,,2023-08-02 15:14:29,Overcast clouds,,,,49,,,,,,,,68.82,,imperial,,,6.8
,Capstone_tobi,Denver,,,,,Scattered,Scattered clouds,,,,,,,,,2023-08-03 15:14:29,Scattered clouds,,,,52,,,,,,,,64.4,,imperial,,,13.0
,Capstone_tobi,Denver,,,,,Clear,Clear sky,,,,,,,,,2023-08-04 15:14:29,Clear sky,,,,86,,,,,,,,67.71,,imperial,,,11.5
,Capstone_tobi,Denver,,,,,Overcast,Overcast clouds,,,,,,,,,2023-08-05 15:14:29,Overcast clouds,,,,71,,,,,,,,71.17,,imperial,,,0.3
,Capstone_tobi,Denver,,,,,Rain,Rain,,,,,,,,,2023-08-06 15:14:29,Rain,,,,38,,,,,,,,78.69,,imperial,,,10.7
,Capstone_tobi,Denver,,,,,Few,Few clouds,,,,,,,,,2023-08-07 15:14:29,Few clouds,,,,32,,,,,,,,76.24,,imperial,,,8.4
,Capstone_tobi,Denver,,,,,Clear,Clear sky,,,,,,,,,2023-08-08 15:14:29,Clear sky,,,,48,,,,,,,,80.66,,imperial,,,8.9
,Capstone_tobi,Denver,,,,,Light,Light rain,,,,,,,,,2023-08-09 15:14:29,Light rain,,,,66,,,,,,,,78.98,,imperial,,,0.7
,Capstone_tobi,Denver,,,,,Clear,Clear sky,,,,,,,,,2023-08-10 15:14:29,Clear sky,,,,41,,,,,,,,62.87,,imperial,,,8.7
,Capstone_tobi,Denver,,,,,Clear,Clear sky,,,,,,,,,2023-08-11 15:14:29,Clear sky,,,,66,,,,,,,,57.84,,imperial,,,14.7
,Capstone_tobi,Denver,,,,,Thunderstorm,Thunderstorm,,,,,,,,,2023-08-12 15:14:29,Thunderstorm,,,,46,,,,,,,,74.76,,imperial,,,10.8
,Capstone_tobi,Denver,,,,,Few,Few clouds,,,,,,,,,2023-08-13 15:14:29,Few clouds,,,,52,,,,,,,,68.69,,imperial,,,10.0
,Capstone_tobi,Denver,,,,,Light,Light rain,,,,,,,,,2023-08-14 15:14:29,Light rain,,,,47,,,,,,,,71.41,,imperial,,,11.1
,Capstone_tobi,Denver,,,,,Few,Few clouds,,,,,,,,,2023-08-15 15:14:29,Few clouds,,,,59,,,,,,,,70.47,,imperial,,,8.2
,Capstone_tobi,Denver,,,,,Scattered,Scattered clouds,,,,,,,,,2023-08-16 15:14:29,Scattered clouds,,,,34,,,,,,,,74.35,,imperial,,,9.8
,Capstone_tobi,Denver,,,,,Light,Light rain,,,,,,,,,2023-08-17 15:14:29,Light rain,,,,46,,,,,,,,77.51,,imperial,,,10.7
,Capstone_tobi,Denver,,,,,Clear,Clear sky,,,,,,,,,2023-08-18 15:14:29,Clear sky,,,,68,,,,,,,,87.47,,imperial,,,11.9
,Capstone_tobi,Denver,,,,,Clear,Clear sky,,,,,,,,,2023-08-19 15:14:29,Clear sky,,,,62,,,,,,,,70.9,,imperial,,,11.4
,Capstone_tobi,Denver,,,,,Clear,Clear sky,,,,,,,,,2023-08-20 15:14:29,Clear sky,,,,50,,,,,,,,80.49,,imperial,,,12.8
,Capstone_tobi,Denver,,,,,Clear,Clear sky,,,,,,,,,2023-08-21 15:14:29,Clear sky,,,,38,,,,,,,,85.0,,imperial,,,17.7
,Capstone_tobi,Denver,,,,,Scattered,Scattered clouds,,,,,,,,,2023-08-22 15:14:29,Scattered clouds,,,,80,,,,,,,,68.75,,imperial,,,5.7
,Capstone_tobi,Denver,,,,,Clear,Clear sky,,,,,,,,,2023-08-23 15:14:29,Clear sky,,,,32,,,,,,,,60.23,,imperial,,,3.4
,Capstone_tobi,Denver,,,,,Overcast,Overcast clouds,,,,,,,,,2023-08-24 15:14:29,Overcast clouds,,,,37,,,,,,,,66.01,,imperial,,,13.4
,Capstone_tobi,Denver,,,,,Clear,Clear sky,,,,,,,,,2023-08-25 15:14:29,Clear sky,,,,29,,,,,,,,84.36,,imperial,,,5.8
,Capstone_tobi,Denver,,,,,Light,Light rain,,,,,,,,,2023-08-26 15:14:29,Light rain,,,,82,,,,,,,,63.6,,imperial,,,2.2
,Capstone_tobi,Denver,,,,,Few,Few clouds,,,,,,,,,2023-08-27 15:14:29,Few clouds,,,,34,,,,,,,,63.99,,imperial,,,1.9
,Capstone_tobi,Denver,,,,,Clear,Clear sky,,,,,,,,,2023-08-28 15:14:29,Clear sky,,,,53,,,,,,,,69.21,,imperial,,,8.4
,Capstone_tobi,Denver,,,,,Light,Light rain,,,,,,,,,2023-08-29 15:14:29,Light rain,,,,52,,,,,,,,65.82,,imperial,,,20.1
,Capstone_tobi,Denver,,,,,Overcast,Overcast clouds,,,,,,,,,2023-08-30 15:14:29,Overcast clouds,,,,56,,,,,,,,78.11,,imperial,,,9.2
,Capstone_tobi,Denver,,,,,Clear,Clear sky,,,,,,,,,2023-08-31 15:14:29,Clear sky,,,,42,,,,,,,,68.91,,imperial,,,12.3
,Capstone_tobi,Denver,,,,,Few,Few clouds,,,,,,,,,2023-09-01 15:14:29,Few clouds,,,,51,,,,,,,,74.46,,imperial,,,5.3
,Capstone_tobi,Denver,,,,,Clear,Clear sky,,,,,,,,,2023-09-02 15:14:29,Clear sky,,,,73,,,,,,,,69.53,,imperial,,,7.9
,Capstone_tobi,Denver,,,,,Overcast,Overcast clouds,,,,,,,,,2023-09-03 15:14:29,Overcast clouds,,,,76,,,,,,,,76.84,,imperial,,,9.5
,Capstone_tobi,Denver,,,,,Clear,Clear sky,,,,,,,,,2023-09-04 15:14:29,Clear sky,,,,70,,,,,,,,67.94,,imperial,,,10.6
,Capstone_tobi,Denver,,,,,Rain,Rain,,,,,,,,,2023-09-05 15:14:29,Rain,,,,67,,,,,,,,82.83,,imperial,,,9.8
,Capstone_tobi,Denver,,,,,Overcast,Overcast clouds,,,,,,,,,2023-09-06 15:14:29,Overcast clouds,,,,33,,,,,,,,72.51,,imperial,,,5.4
,Capstone_tobi,Denver,,,,,Clear,Clear sky,,,,,,,,,2023-09-07 15:14:29,Clear sky,,,,51,,,,,,,,78.31,,imperial,,,3.1
,Elizabeth,,,28.77,77.0,,Broken,broken clouds,,,,,,,,,,broken clouds,2025-07-10 00:45:05,,,,1,Miami,,4.63,,,28.77,,,,,,
,Elizabeth,,,28.76,77.0,,Broken,broken clouds,,,,,,,,,,broken clouds,2025-07-10 00:56:03,,,,2,Miami,,4.63,,,28.76,,,,,,
,Elizabeth,,,25.49,80.0,,Clear,clear sky,,,,,,,,,,clear sky,2025-07-10 00:56:40,,,,3,Charleston,,2.57,,,25.49,,,,,,
,Elizabeth,,,18.99,70.0,,Overcast,overcast clouds,,,,,,,,,,overcast clouds,2025-07-10 00:57:23,,,,4,London,,1.02,,,18.99,,,,,,
,Elizabeth,,,33.09,58.0,,Few,few clouds,,,,,,,,,,few clouds,2025-07-10 00:59:56,,,,5,Tokyo,,5.14,,,33.09,,,,,,
,Elizabeth,,,16.84,78.0,,Fog,fog,,,,,,,,,,fog,2025-07-10 00:55:17,,,,6,San Francisco,,11.83,,,16.84,,,,,,
,Elizabeth,,,28.76,77.0,,Broken,broken clouds,,,,,,,,,,broken clouds,2025-07-10 00:51:12,,,,7,Miami,,4.63,,,28.76,,,,,,
,Elizabeth,,,29.16,66.0,,Light,light rain,,,,,,,,,,light rain,2025-07-10 01:02:03,,,,8,New York,,3.13,,,29.16,,,,,,
,Elizabeth,,,28.17,80.0,,Broken,broken clouds,,,,,,,,,,broken clouds,2025-07-10 02:13:05,,,,9,Miami,,4.12,,,28.17,,,,,,
,Elizabeth,,,23.8,87.0,,Broken,broken clouds,,,,,,,,,,broken clouds,2025-07-10 02:20:08,,,,10,Dayton,,2.57,,,23.8,,,,,,
,Elizabeth,,,28.17,80.0,,Broken,broken clouds,,,,,,,,,,broken clouds,2025-07-10 02:13:05,,,,11,Miami,,4.12,,,28.17,,,,,,
,Elizabeth,,,23.8,87.0,,Broken,broken clouds,,,,,,,,,,broken clouds,2025-07-10 02:20:08,,,,12,Dayton,,2.57,,,23.8,,,,,,
,Elizabeth,,,32.59,68.0,,Broken,broken clouds,,,,,,,,,,broken clouds,2025-07-10 18:53:02,,,,13,Miami,,5.14,,,32.59,,,,,,
,Elizabeth,,,30.83,65.0,,Broken,broken clouds,,,,,,,,,,broken clouds,2025-07-10 19:07:13,,,,14,Culloden,,2.24,,,30.83,,,,,,
,Elizabeth,,,30.83,65.0,,Broken,broken clouds,,,,,,,,,,broken clouds,2025-07-10 19:07:13,,,,15,Culloden,,2.24,,,30.83,,,,,,
,Elizabeth,,,26.0,68.0,,Overcast,overcast clouds,,,,,,,,,,overcast clouds,2025-07-12 00:50:40,,,,16,Miami,,3.09,,,26.0,,,,,,
,Elizabeth,,,26.0,68.0,,Overcast,overcast clouds,,,,,,,,,,overcast clouds,2025-07-12 00:50:40,,,,17,Miami,,3.09,,,26.0,,,,,,
,Elizabeth,,,26.0,68.0,,Overcast,overcast clouds,,,,,,,,,,overcast clouds,2025-07-12 00:50:40,,,,18,Miami,,3.09,,,26.0,,,,,,
,Elizabeth,,,30.29,76.0,,Thunderstorm,thunderstorm,,,,,,,,,,thunderstorm,2025-07-13 19:20:40,,,,19,Miami,,0.0,,,30.29,,,,,,
,Elizabeth,,,30.01,55.0,,Few,few clouds,,,,,,,,,,few clouds,2025-07-22 21:31:29,,,,20,Culloden,,1.01,,,86.02,,,,,,
,Elizabeth,,,25.49,93.0,,Drizzle,drizzle,,,,,,,,,,drizzle,2025-07-22 21:30:00,,,,21,Charleston,,3.44,,,77.88,,,,,,
,Elizabeth,,,30.01,55.0,,Few,few clouds,,,,,,,,,,few clouds,2025-07-22 21:31:29,,,,22,Culloden,,0.45,,,30.01,,,,,,
,Elizabeth,,,25.45,93.0,,Drizzle,drizzle,,,,,,,,,,drizzle,2025-07-22 21:35:52,,,,23,Charleston,,1.54,,,25.45,,,,,,
,Elizabeth,,,25.45,93.0,,Drizzle,drizzle,,,,,,,,,,drizzle,2025-07-22 21:35:52,,,,24,Charleston,,1.54,,,25.45,,,,,,
,Elizabeth,,,30.01,55.0,,Few,few clouds,,,,,,,,,,few clouds,2025-07-22 21:31:29,,,,25,Culloden,,0.45,,,30.01,,,,,,
,Elizabeth,,,30.01,55.0,,Few,few clouds,,,,,,,,,,few clouds,2025-07-22 21:31:29,,,,26,Culloden,,0.45,,,30.01,,,,,,
,Elizabeth,,,29.63,55.0,,Few,few clouds,,,,,,,,,,few clouds,2025-07-22 21:44:01,,,,27,Culloden,,0.45,,,29.63,,,,,,
,Elizabeth,,,25.93,93.0,,Mist,mist,,,,,,,,,,mist,2025-07-22 23:38:43,,,,28,Charleston,,1.54,,,25.93,,,,,,
,Elizabeth,,,23.28,64.0,,Overcast,overcast clouds,,,,,,,,,,overcast clouds,2025-07-23 00:04:50,,,,29,New York,,5.14,,,23.28,,,,,,
,Elizabeth,,,31.69,69.0,,Clear,clear sky,,,,,,,,,,clear sky,2025-07-23 18:34:50,,,,30,Charleston,,5.66,,,31.69,,,,,,
,Elizabeth,,,32.14,65.0,,Scattered,scattered clouds,,,,,,,,,,scattered clouds,2025-07-23 18:38:57,,,,31,Culloden,,2.24,,,32.14,,,,,,
,Elizabeth,,,32.14,65.0,,Scattered,scattered clouds,,,,,,,,,,scattered clouds,2025-07-23 18:38:57,,,,32,Culloden,,2.24,,,32.14,,,,,,
,Elizabeth,,,31.69,69.0,,Clear,clear sky,,,,,,,,,,clear sky,2025-07-23 18:34:50,,,,33,Charleston,,5.66,,,31.69,,,,,,
,Elizabeth,,,33.03,58.0,,Scattered,scattered clouds,,,,,,,,,,scattered clouds,2025-07-25 17:13:07,,,,34,Charlotte,,2.06,,,33.03,,,,,,
,Elizabeth,,,34.56,54.0,,Clear,clear sky,,,,,,,,,,clear sky,2025-07-25 17:03:17,,,,35,New York,,5.66,,,34.56,,,,,,
,Elizabeth,,,27.98,74.0,,Broken,broken clouds,,,,,,,,,,broken clouds,2025-07-29 22:33:58,88.11,,,36,Charlotte,,5.75,,,82.36,,,,,,
,Elizabeth,,,29.8,82.0,,Mist,mist,,,,,,,,,,mist,2025-07-29 22:39:48,98.24,,,37,Charleston,,1.99,,,85.64,,,,,,
,Elizabeth,,,35.28,47.0,,Clear,clear sky,,,,,,,,,,clear sky,2025-07-29 22:28:03,104.31,,,38,New York,,14.97,,,95.5,,,,,,
2025-06-16T14:45:22.123456,Eric,Providence,US,22.1,72.0,3.2,Few,few clouds,,,,,,,,25,,,,24.5,,,,,1016,,05:12,19:56,,,-5.0,,10.0,180,
2025-06-17T14:45:22.123456,Eric,Providence,US,25.3,65.0,2.8,Clear,clear sky,,,,,,,,5,,,,27.8,,,,,1014,,05:12,19:57,,,-5.0,,10.0,220,
2025-06-18T14:45:22.123456,Eric,Providence,US,21.7,78.0,4.5,Light,light rain,,,,,,,,85,,,,23.2,,,,,1018,,05:12,19:57,,,-5.0,,8.5,270,
2025-06-19T14:45:22.123456,Eric,Providence,US,26.4,58.0,3.1,Clear,clear sky,,,,,,,,10,,,,29.1,,,,,1012,,05:12,19:58,,,-5.0,,10.0,190,
2025-06-20T14:45:22.123456,Eric,Providence,US,28.9,55.0,2.5,Clear,clear sky,,,,,,,,0,,,,32.4,,,,,1009,,05:12,19:58,,,-5.0,,10.0,160,
2025-06-21T14:45:22.123456,Eric,Providence,US,24.6,68.0,3.8,Scattered,scattered clouds,,,,,,,,45,,,,26.8,,,,,1015,,05:13,19:59,,,-5.0,,10.0,240,
2025-06-22T14:45:22.123456,Eric,Providence,US,23.2,74.0,4.2,Broken,broken clouds,,,,,,,,70,,,,25.1,,,,,1017,,05:13,19:59,,,-5.0,,9.5,290,
2025-06-23T14:45:22.123456,Eric,Providence,US,27.5,52.0,2.9,Clear,clear sky,,,,,,,,5,,,,30.8,,,,,1011,,05:13,19:59,,,-5.0,,10.0,180,
2025-06-24T14:45:22.123456,Eric,Providence,US,25.8,63.0,3.5,Few,few clouds,,,,,,,,30,,,,28.3,,,,,1013,,05:14,20:00,,,-5.0,,10.0,210,
2025-06-25T14:45:22.123456,Eric,Providence,US,29.2,48.0,2.1,Clear,clear sky,,,,,,,,0,,,,33.1,,,,,1008,,05:14,20:00,,,-5.0,,10.0,150,
2025-06-26T14:45:22.123456,Eric,Providence,US,22.8,76.0,5.2,Moderate,moderate rain,,,,,,,,90,,,,24.9,,,,,1019,,05:14,20:00,,,-5.0,,7.2,310,
2025-06-27T14:45:22.123456,Eric,Providence,US,20.5,82.0,4.8,Light,light rain,,,,,,,,95,,,,22.1,,,,,1021,,05:15,20:01,,,-5.0,,8.8,320,
2025-06-28T14:45:22.123456,Eric,Providence,US,24.1,69.0,3.6,Scattered,scattered clouds,,,,,,,,50,,,,26.4,,,,,1016,,05:15,20:01,,,-5.0,,10.0,200,
2025-06-29T14:45:22.123456,Eric,Providence,US,26.7,61.0,2.7,Clear,clear sky,,,,,,,,15,,,,29.5,,,,,1014,,05:15,20:01,,,-5.0,,10.0,170,
2025-06-30T14:45:22.123456,Eric,Providence,US,28.3,56.0,2.4,Clear,clear sky,,,,,,,,5,,,,31.6,,,,,1010,,05:16,20:02,,,-5.0,,10.0,140,
2025-07-01T14:45:22.123456,Eric,Providence,US,30.1,51.0,2.0,Clear,clear sky,,,,,,,,0,,,,34.2,,,,,1007,,05:16,20:02,,,-5.0,,10.0,130,
2025-07-02T14:45:22.123456,Eric,Providence,US,31.4,47.0,1.8,Clear,clear sky,,,,,,,,0,,,,36.1,,,,,1005,,05:16,20:02,,,-5.0,,10.0,120,
2025-07-03T14:45:22.123456,Eric,Providence,US,29.8,53.0,2.6,Few,few clouds,,,,,,,,20,,,,33.4,,,,,1009,,05:17,20:02,,,-5.0,,10.0,180,
2025-07-04T14:45:22.123456,Eric,Providence,US,27.9,59.0,3.4,Scattered,scattered clouds,,,,,,,,40,,,,30.8,,,,,1012,,05:17,20:02,,,-5.0,,10.0,220,
2025-07-05T14:45:22.123456,Eric,Providence,US,25.6,66.0,4.7,Thunderstorm,thunderstorm,,,,,,,,85,,,,27.9,,,,,1015,,05:18,20:03,,,-5.0,,9.1,280,
2025-07-06T14:45:22.123456,Eric,Providence,US,23.4,73.0,4.1,Light,light rain,,,,,,,,80,,,,25.2,,,,,1018,,05:18,20:03,,,-5.0,,8.7,300,
2025-07-07T14:45:22.123456,Eric,Providence,US,26.2,62.0,3.2,Broken,broken clouds,,,,,,,,65,,,,28.9,,,,,1013,,05:18,20:03,,,-5.0,,9.8,190,
2025-07-08T14:45:22.123456,Eric,Providence,US,28.7,55.0,2.5,Clear,clear sky,,,,,,,,10,,,,32.1,,,,,1010,,05:19,20:03,,,-5.0,,10.0,160,
2025-07-09T14:45:22.123456,Eric,Providence,US,30.5,49.0,2.1,Clear,clear sky,,,,,,,,5,,,,34.8,,,,,1008,,05:19,20:03,,,-5.0,,10.0,140,
2025-07-10T14:45:22.123456,Eric,Providence,US,32.2,44.0,1.9,Clear,clear sky,,,,,,,,0,,,,37.1,,,,,1006,,05:20,20:03,,,-5.0,,10.0,125,
2025-07-11T14:45:22.123456,Eric,Providence,US,29.6,52.0,2.8,Few,few clouds,,,,,,,,25,,,,33.2,,,,,1011,,05:20,20:03,,,-5.0,,10.0,200,
2025-07-12T14:45:22.123456,Eric,Providence,US,27.1,61.0,3.6,Scattered,scattered clouds,,,,,,,,45,,,,29.8,,,,,1014,,05:21,20:03,,,-5.0,,10.0,240,
2025-07-13T14:45:22.123456,Eric,Providence,US,24.8,68.0,4.3,Light,light rain,,,,,,,,75,,,,26.9,,,,,1017,,05:21,20:03,,,-5.0,,8.9,270,
2025-07-14T14:45:22.123456,Eric,Providence,US,22.9,75.0,5.1,Moderate,moderate rain,,,,,,,,90,,,,24.7,,,,,1019,,05:22,20:03,,,-5.0,,7.5,290,
2025-07-15T14:45:22.123456,Eric,Providence,US,25.4,64.0,3.7,Broken,broken clouds,,,,,,,,60,,,,27.6,,,,,1015,,05:22,20:03,,,-5.0,,9.6,210,
2025-06-16T14:45:45.234567,Eric,Austin,US,35.2,42.0,2.1,Clear,clear sky,,,,,,,,0,,,,39.8,,,,,1010,,06:22,20:18,,,-6.0,,10.0,180,
2025-06-17T14:45:45.234567,Eric,Austin,US,37.4,38.0,1.8,Clear,clear sky,,,,,,,,5,,,,42.6,,,,,1008,,06:22,20:18,,,-6.0,,10.0,160,
2025-06-18T14:45:45.234567,Eric,Austin,US,34.6,45.0,2.5,Few,few clouds,,,,,,,,20,,,,38.9,,,,,1012,,06:22,20:19,,,-6.0,,10.0,200,
2025-06-19T14:45:45.234567,Eric,Austin,US,36.8,40.0,2.0,Clear,clear sky,,,,,,,,0,,,,41.7,,,,,1009,,06:22,20:19,,,-6.0,,10.0,170,
2025-06-20T14:45:45.234567,Eric,Austin,US,38.9,35.0,1.6,Clear,clear sky,,,,,,,,0,,,,44.3,,,,,1007,,06:23,20:19,,,-6.0,,10.0,150,
2025-06-21T14:45:45.234567,Eric,Austin,US,33.7,48.0,4.2,Thunderstorm,thunderstorm with rain,,,,,,,,85,,,,37.4,,,,,1013,,06:23,20:20,,,-6.0,,8.2,260,
2025-06-22T14:45:45.234567,Eric,Austin,US,31.5,55.0,3.8,Light,light rain,,,,,,,,70,,,,34.8,,,,,1015,,06:23,20:20,,,-6.0,,9.1,280,
2025-06-23T14:45:45.234567,Eric,Austin,US,35.9,43.0,2.3,Clear,clear sky,,,,,,,,10,,,,40.2,,,,,1011,,06:23,20:20,,,-6.0,,10.0,190,
2025-06-24T14:45:45.234567,Eric,Austin,US,37.1,39.0,1.9,Clear,clear sky,,,,,,,,5,,,,42.1,,,,,1009,,06:24,20:21,,,-6.0,,10.0,160,
2025-06-25T14:45:45.234567,Eric,Austin,US,39.3,33.0,1.5,Clear,clear sky,,,,,,,,0,,,,45.1,,,,,1006,,06:24,20:21,,,-6.0,,10.0,140,
2025-06-26T14:45:45.234567,Eric,Austin,US,34.2,47.0,2.7,Scattered,scattered clouds,,,,,,,,35,,,,38.1,,,,,1014,,06:24,20:21,,,-6.0,,10.0,220,
2025-06-27T14:45:45.234567,Eric,Austin,US,32.8,52.0,3.1,Broken,broken clouds,,,,,,,,60,,,,36.2,,,,,1016,,06:25,20:22,,,-6.0,,9.7,240,
2025-06-28T14:45:45.234567,Eric,Austin,US,36.4,41.0,2.2,Clear,clear sky,,,,,,,,15,,,,41.0,,,,,1010,,06:25,20:22,,,-6.0,,10.0,180,
2025-06-29T14:45:45.234567,Eric,Austin,US,38.6,37.0,1.7,Clear,clear sky,,,,,,,,0,,,,43.8,,,,,1008,,06:25,20:22,,,-6.0,,10.0,150,
2025-06-30T14:45:45.234567,Eric,Austin,US,40.1,31.0,1.4,Clear,clear sky,,,,,,,,0,,,,46.2,,,,,1005,,06:26,20:23,,,-6.0,,10.0,130,
2025-07-01T14:45:45.234567,Eric,Austin,US,41.7,28.0,1.2,Clear,clear sky,,,,,,,,0,,,,48.6,,,,,1003,,06:26,20:23,,,-6.0,,10.0,120,
2025-07-02T14:45:45.234567,Eric,Austin,US,40.9,30.0,1.5,Clear,clear sky,,,,,,,,5,,,,47.3,,,,,1004,,06:26,20:23,,,-6.0,,10.0,135,
2025-07-03T14:45:45.234567,Eric,Austin,US,38.2,36.0,2.1,Few,few clouds,,,,,,,,25,,,,43.1,,,,,1007,,06:27,20:24,,,-6.0,,10.0,180,
2025-07-04T14:45:45.234567,Eric,Austin,US,35.8,44.0,4.5,Thunderstorm,thunderstorm,,,,,,,,80,,,,39.7,,,,,1011,,06:27,20:24,,,-6.0,,8.5,270,
2025-07-05T14:45:45.234567,Eric,Austin,US,33.1,51.0,5.2,Heavy,heavy rain,,,,,,,,95,,,,36.4,,,,,1015,,06:27,20:24,,,-6.0,,6.8,290,
2025-07-06T14:45:45.234567,Eric,Austin,US,30.7,58.0,4.1,Light,light rain,,,,,,,,75,,,,33.8,,,,,1017,,06:28,20:25,,,-6.0,,8.9,300,
2025-07-07T14:45:45.234567,Eric,Austin,US,34.5,46.0,2.8,Scattered,scattered clouds,,,,,,,,40,,,,38.2,,,,,1012,,06:28,20:25,,,-6.0,,10.0,210,
2025-07-08T14:45:45.234567,Eric,Austin,US,37.3,40.0,2.0,Clear,clear sky,,,,,,,,10,,,,42.0,,,,,1009,,06:28,20:25,,,-6.0,,10.0,170,
2025-07-09T14:45:45.234567,Eric,Austin,US,39.8,34.0,1.6,Clear,clear sky,,,,,,,,0,,,,45.4,,,,,1006,,06:29,20:25,,,-6.0,,10.0,140,
2025-07-10T14:45:45.234567,Eric,Austin,US,42.1,29.0,1.3,Clear,clear sky,,,,,,,,0,,,,49.2,,,,,1004,,06:29,20:26,,,-6.0,,10.0,125,
2025-07-11T14:45:45.234567,Eric,Austin,US,40.6,32.0,1.7,Clear,clear sky,,,,,,,,5,,,,47.1,,,,,1005,,06:30,20:26,,,-6.0,,10.0,150,
2025-07-12T14:45:45.234567,Eric,Austin,US,37.9,38.0,2.4,Few,few clouds,,,,,,,,20,,,,42.8,,,,,1008,,06:30,20:26,,,-6.0,,10.0,190,
2025-07-13T14:45:45.234567,Eric,Austin,US,35.4,45.0,3.0,Broken,broken clouds,,,,,,,,55,,,,39.1,,,,,1012,,06:30,20:26,,,-6.0,,9.8,230,
2025-07-14T14:45:45.234567,Eric,Austin,US,33.6,49.0,3.7,Light,light rain,,,,,,,,70,,,,37.0,,,,,1014,,06:31,20:27,,,-6.0,,9.2,260,
2025-07-15T14:45:45.234567,Eric,Austin,US,36.2,42.0,2.5,Clear,clear sky,,,,,,,,15,,,,40.5,,,,,1010,,06:31,20:27,,,-6.0,,10.0,200,
2025-06-16T14:46:12.345678,Eric,Rawlins,US,15.2,28.0,7.8,Light,light snow,,,,,,,,90,,,,12.8,,,,,1022,,06:05,19:35,,,-7.0,,7.5,315,
2025-06-17T14:46:12.345678,Eric,Rawlins,US,18.6,32.0,6.2,Overcast,overcast clouds,,,,,,,,100,,,,16.4,,,,,1020,,06:05,19:36,,,-7.0,,8.8,290,
2025-06-18T14:46:12.345678,Eric,Rawlins,US,21.3,25.0,4.5,Clear,clear sky,,,,,,,,5,,,,19.7,,,,,1018,,06:05,19:36,,,-7.0,,10.0,270,
2025-06-19T14:46:12.345678,Eric,Rawlins,US,17.9,35.0,5.8,Few,few clouds,,,,,,,,25,,,,15.1,,,,,1021,,06:04,19:37,,,-7.0,,9.5,310,
2025-06-20T14:46:12.345678,Eric,Rawlins,US,23.4,22.0,3.9,Clear,clear sky,,,,,,,,0,,,,21.9,,,,,1016,,06:04,19:37,,,-7.0,,10.0,250,
2025-06-21T14:46:12.345678,Eric,Rawlins,US,19.7,30.0,6.1,Scattered,scattered clouds,,,,,,,,45,,,,17.2,,,,,1019,,06:04,19:38,,,-7.0,,9.2,300,
2025-06-22T14:46:12.345678,Eric,Rawlins,US,16.8,38.0,7.3,Light,light rain,,,,,,,,80,,,,14.1,,,,,1023,,06:04,19:38,,,-7.0,,8.1,330,
2025-06-23T14:46:12.345678,Eric,Rawlins,US,14.5,42.0,8.6,Light,light snow,,,,,,,,95,,,,11.7,,,,,1025,,06:03,19:39,,,-7.0,,6.8,345,
2025-06-24T14:46:12.345678,Eric,Rawlins,US,20.1,27.0,4.7,Clear,clear sky,,,,,,,,10,,,,18.3,,,,,1017,,06:03,19:39,,,-7.0,,10.0,260,
2025-06-25T14:46:12.345678,Eric,Rawlins,US,25.7,20.0,3.2,Clear,clear sky,,,,,,,,0,,,,24.1,,,,,1014,,06:03,19:40,,,-7.0,,10.0,230,
2025-06-26T14:46:12.345678,Eric,Rawlins,US,22.8,24.0,4.1,Few,few clouds,,,,,,,,20,,,,20.9,,,,,1016,,06:03,19:40,,,-7.0,,9.8,280,
2025-06-27T14:46:12.345678,Eric,Rawlins,US,18.4,33.0,6.5,Broken,broken clouds,,,,,,,,65,,,,15.9,,,,,1020,,06:02,19:41,,,-7.0,,9.1,310,
2025-06-28T14:46:12.345678,Eric,Rawlins,US,21.6,26.0,4.3,Clear,clear sky,,,,,,,,5,,,,19.8,,,,,1018,,06:02,19:41,,,-7.0,,10.0,250,
2025-06-29T14:46:12.345678,Eric,Rawlins,US,24.2,23.0,3.6,Clear,clear sky,,,,,,,,0,,,,22.6,,,,,1015,,06:02,19:42,,,-7.0,,10.0,220,
2025-06-30T14:46:12.345678,Eric,Rawlins,US,26.9,19.0,2.9,Clear,clear sky,,,,,,,,0,,,,25.4,,,,,1012,,06:02,19:42,,,-7.0,,10.0,200,
2025-07-01T14:46:12.345678,Eric,Rawlins,US,28.3,17.0,2.5,Clear,clear sky,,,,,,,,0,,,,27.1,,,,,1010,,06:01,19:43,,,-7.0,,10.0,180,
2025-07-02T14:46:12.345678,Eric,Rawlins,US,27.6,19.0,2.8,Clear,clear sky,,,,,,,,5,,,,26.2,,,,,1011,,06:01,19:43,,,-7.0,,10.0,190,
2025-07-03T14:46:12.345678,Eric,Rawlins,US,24.7,24.0,4.2,Scattered,scattered clouds,,,,,,,,40,,,,23.1,,,,,1015,,06:01,19:44,,,-7.0,,9.7,270,
2025-07-04T14:46:12.345678,Eric,Rawlins,US,20.9,31.0,6.8,Thunderstorm,thunderstorm with rain,,,,,,,,85,,,,18.6,,,,,1019,,06:01,19:44,,,-7.0,,8.3,320,
2025-07-05T14:46:12.345678,Eric,Rawlins,US,17.3,37.0,7.9,Moderate,moderate rain,,,,,,,,90,,,,14.7,,,,,1022,,06:00,19:45,,,-7.0,,7.2,340,
2025-07-06T14:46:12.345678,Eric,Rawlins,US,15.8,41.0,8.3,Light,light rain,,,,,,,,85,,,,12.9,,,,,1024,,06:00,19:45,,,-7.0,,7.8,350,
2025-07-07T14:46:12.345678,Eric,Rawlins,US,19.4,34.0,6.4,Broken,broken clouds,,,,,,,,70,,,,17.1,,,,,1020,,06:00,19:46,,,-7.0,,8.9,300,
2025-07-08T14:46:12.345678,Eric,Rawlins,US,23.1,26.0,4.1,Clear,clear sky,,,,,,,,15,,,,21.4,,,,,1017,,06:00,19:46,,,-7.0,,10.0,260,
2025-07-09T14:46:12.345678,Eric,Rawlins,US,26.5,21.0,3.3,Clear,clear sky,,,,,,,,0,,,,25.0,,,,,1013,,05:59,19:47,,,-7.0,,10.0,230,
2025-07-10T14:46:12.345678,Eric,Rawlins,US,29.1,18.0,2.7,Clear,clear sky,,,,,,,,0,,,,27.8,,,,,1011,,05:59,19:47,,,-7.0,,10.0,210,
2025-07-11T14:46:12.345678,Eric,Rawlins,US,31.2,16.0,2.2,Clear,clear sky,,,,,,,,0,,,,30.1,,,,,1008,,05:59,19:48,,,-7.0,,10.0,185,
2025-07-12T14:46:12.345678,Eric,Rawlins,US,28.7,20.0,3.1,Few,few clouds,,,,,,,,25,,,,27.3,,,,,1012,,05:59,19:48,,,-7.0,,9.8,240,
2025-07-13T14:46:12.345678,Eric,Rawlins,US,25.3,25.0,4.6,Scattered,scattered clouds,,,,,,,,45,,,,23.6,,,,,1016,,05:58,19:49,,,-7.0,,9.5,290,
2025-07-14T14:46:12.345678,Eric,Rawlins,US,22.4,29.0,5.7,Light,light rain,,,,,,,,75,,,,20.1,,,,,1018,,05:58,19:49,,,-7.0,,8.6,315,
2025-07-15T14:46:12.345678,Eric,Rawlins,US,24.8,24.0,4.3,Broken,broken clouds,,,,,,,,60,,,,22.9,,,,,1015,,05:58,19:50,,,-7.0,,9.3,275,
2025-06-16T14:46:35.456789,Eric,Ontario,US,32.4,38.0,3.1,Clear,clear sky,,,,,,,,5,,,,36.1,,,,,1007,,06:08,20:15,,,-8.0,,10.0,240,
2025-06-17T14:46:35.456789,Eric,Ontario,US,29.7,45.0,4.2,Few,few clouds,,,,,,,,25,,,,32.8,,,,,1010,,06:08,20:15,,,-8.0,,9.8,270,
2025-06-18T14:46:35.456789,Eric,Ontario,US,26.8,52.0,5.6,Light,light rain,,,,,,,,70,,,,29.1,,,,,1013,,06:08,20:16,,,-8.0,,8.7,290,
2025-06-19T14:46:35.456789,Eric,Ontario,US,30.5,41.0,3.7,Clear,clear sky,,,,,,,,10,,,,34.0,,,,,1009,,06:07,20:16,,,-8.0,,10.0,220,
2025-06-20T14:46:35.456789,Eric,Ontario,US,34.1,35.0,2.8,Clear,clear sky,,,,,,,,0,,,,38.6,,,,,1006,,06:07,20:17,,,-8.0,,10.0,200,
2025-06-21T14:46:35.456789,Eric,Ontario,US,31.8,39.0,3.5,Scattered,scattered clouds,,,,,,,,35,,,,35.7,,,,,1008,,06:07,20:17,,,-8.0,,9.6,250,
2025-06-22T14:46:35.456789,Eric,Ontario,US,28.3,48.0,6.1,Moderate,moderate rain,,,,,,,,80,,,,31.2,,,,,1012,,06:07,20:18,,,-8.0,,8.2,310,
2025-06-23T14:46:35.456789,Eric,Ontario,US,25.9,55.0,5.4,Light,light rain,,,,,,,,75,,,,27.8,,,,,1015,,06:06,20:18,,,-8.0,,8.9,320,
2025-06-24T14:46:35.456789,Eric,Ontario,US,29.6,43.0,3.9,Clear,clear sky,,,,,,,,15,,,,33.1,,,,,1010,,06:06,20:19,,,-8.0,,10.0,230,
2025-06-25T14:46:35.456789,Eric,Ontario,US,33.7,36.0,2.6,Clear,clear sky,,,,,,,,5,,,,38.2,,,,,1007,,06:06,20:19,,,-8.0,,10.0,190,
2025-06-26T14:46:35.456789,Eric,Ontario,US,36.2,31.0,2.1,Clear,clear sky,,,,,,,,0,,,,41.4,,,,,1004,,06:06,20:20,,,-8.0,,10.0,170,
2025-06-27T14:46:35.456789,Eric,Ontario,US,32.9,37.0,3.3,Few,few clouds,,,,,,,,20,,,,36.8,,,,,1008,,06:05,20:20,,,-8.0,,9.9,210,
2025-06-28T14:46:35.456789,Eric,Ontario,US,30.1,44.0,4.7,Broken,broken clouds,,,,,,,,60,,,,33.4,,,,,1011,,06:05,20:21,,,-8.0,,9.3,260,
2025-06-29T14:46:35.456789,Eric,Ontario,US,27.4,51.0,5.8,Light,light rain,,,,,,,,85,,,,29.9,,,,,1014,,06:05,20:21,,,-8.0,,8.5,285,
2025-06-30T14:46:35.456789,Eric,Ontario,US,31.2,40.0,3.6,Clear,clear sky,,,,,,,,10,,,,34.9,,,,,1009,,06:05,20:22,,,-8.0,,10.0,225,
2025-07-01T14:46:35.456789,Eric,Ontario,US,35.8,33.0,2.4,Clear,clear sky,,,,,,,,0,,,,40.7,,,,,1005,,06:04,20:22,,,-8.0,,10.0,180,
2025-07-02T14:46:35.456789,Eric,Ontario,US,38.4,29.0,1.9,Clear,clear sky,,,,,,,,0,,,,44.1,,,,,1003,,06:04,20:23,,,-8.0,,10.0,160,
2025-07-03T14:46:35.456789,Eric,Ontario,US,35.1,35.0,3.1,Scattered,scattered clouds,,,,,,,,40,,,,39.2,,,,,1006,,06:04,20:23,,,-8.0,,9.7,240,
2025-07-04T14:46:35.456789,Eric,Ontario,US,31.6,42.0,5.2,Thunderstorm,thunderstorm,,,,,,,,75,,,,35.1,,,,,1010,,06:04,20:24,,,-8.0,,8.8,280,
2025-07-05T14:46:35.456789,Eric,Ontario,US,28.7,49.0,6.7,Heavy,heavy rain,,,,,,,,90,,,,31.5,,,,,1013,,06:03,20:24,,,-8.0,,7.1,305,
2025-07-06T14:46:35.456789,Eric,Ontario,US,26.2,56.0,5.9,Light,light rain,,,,,,,,80,,,,28.4,,,,,1016,,06:03,20:25,,,-8.0,,8.6,315,
2025-07-07T14:46:35.456789,Eric,Ontario,US,24.8,61.0,6.3,Overcast,overcast clouds,,,,,,,,95,,,,26.7,,,,,1018,,06:03,20:25,,,-8.0,,8.3,330,
2025-07-08T14:46:35.456789,Eric,Ontario,US,28.1,47.0,4.5,Broken,broken clouds,,,,,,,,65,,,,30.9,,,,,1012,,06:03,20:26,,,-8.0,,9.2,270,
2025-07-09T14:46:35.456789,Eric,Ontario,US,32.6,38.0,3.2,Clear,clear sky,,,,,,,,20,,,,36.5,,,,,1008,,06:02,20:26,,,-8.0,,9.9,220,
2025-07-10T14:46:35.456789,Eric,Ontario,US,36.9,32.0,2.5,Clear,clear sky,,,,,,,,5,,,,42.1,,,,,1005,,06:02,20:27,,,-8.0,,10.0,195,
2025-07-11T14:46:35.456789,Eric,Ontario,US,39.7,27.0,1.8,Clear,clear sky,,,,,,,,0,,,,45.8,,,,,1002,,06:02,20:27,,,-8.0,,10.0,150,
2025-07-12T14:46:35.456789,Eric,Ontario,US,37.2,31.0,2.3,Clear,clear sky,,,,,,,,10,,,,42.3,,,,,1004,,06:02,20:28,,,-8.0,,10.0,180,
2025-07-13T14:46:35.456789,Eric,Ontario,US,33.8,37.0,3.8,Few,few clouds,,,,,,,,30,,,,37.6,,,,,1007,,06:01,20:28,,,-8.0,,9.8,235,
2025-07-14T14:46:35.456789,Eric,Ontario,US,30.4,44.0,4.9,Scattered,scattered clouds,,,,,,,,50,,,,33.7,,,,,1011,,06:01,20:29,,,-8.0,,9.4,265,
2025-07-15T14:46:35.456789,Eric,Ontario,US,33.1,39.0,3.4,Clear,clear sky,,,,,,,,15,,,,36.8,,,,,1008,,06:01,20:29,,,-8.0,,9.9,215,
2025-07-08 22:58:02,Shomari,New York,,24.43,,,Clear,clear sky,,,,New York,clear sky,75.97,2025-07-08 22:58:02,,,,,,,,,,,,,,,,,,,,
2025-07-08 23:01:36,Shomari,Miami,,28.38,,,Scattered,scattered clouds,,,,Miami,scattered clouds,83.08,2025-07-08 23:01:36,,,,,,,,,,,,,,,,,,,,
2025-07-08 23:01:47,Shomari,New Jersey,,22.28,,,Clear,clear sky,,,,New Jersey,clear sky,72.1,2025-07-08 23:01:47,,,,,,,,,,,,,,,,,,,,
2025-07-08 23:16:12,Shomari,New Jersey,,22.21,,,Clear,clear sky,,,,New Jersey,clear sky,71.98,2025-07-08 23:16:12,,,,,,,,,,,,,,,,,,,,
2025-07-08 23:16:25,Shomari,New Jersey,,22.21,,,Clear,clear sky,,,,New Jersey,clear sky,71.98,2025-07-08 23:16:25,,,,,,,,,,,,,,,,,,,,
2025-07-08 23:16:28,Shomari,New Jersey,,22.21,,,Clear,clear sky,,,,New Jersey,clear sky,71.98,2025-07-08 23:16:28,,,,,,,,,,,,,,,,,,,,
2025-07-08 23:16:30,Shomari,New Jersey,,22.21,,,Clear,clear sky,,,,New Jersey,clear sky,71.98,2025-07-08 23:16:30,,,,,,,,,,,,,,,,,,,,
2025-07-08 23:16:33,Shomari,New Jersey,,22.21,,,Clear,clear sky,,,,New Jersey,clear sky,71.98,2025-07-08 23:16:33,,,,,,,,,,,,,,,,,,,,
2025-07-08 23:16:35,Shomari,New Jersey,,22.21,,,Clear,clear sky,,,,New Jersey,clear sky,71.98,2025-07-08 23:16:35,,,,,,,,,,,,,,,,,,,,
2025-07-08 23:16:37,Shomari,New Jersey,,22.21,,,Clear,clear sky,,,,New Jersey,clear sky,71.98,2025-07-08 23:16:37,,,,,,,,,,,,,,,,,,,,
2025-07-08 23:16:42,Shomari,New Jersey,,22.21,,,Clear,clear sky,,,,New Jersey,clear sky,71.98,2025-07-08 23:16:42,,,,,,,,,,,,,,,,,,,,
2025-07-08 23:16:44,Shomari,New Jersey,,22.21,,,Clear,clear sky,,,,New Jersey,clear sky,71.98,2025-07-08 23:16:44,,,,,,,,,,,,,,,,,,,,
2025-07-08 23:16:46,Shomari,New Jersey,,22.21,,,Clear,clear sky,,,,New Jersey,clear sky,71.98,2025-07-08 23:16:46,,,,,,,,,,,,,,,,,,,,
2025-07-08 23:16:48,Shomari,New Jersey,,22.21,,,Clear,clear sky,,,,New Jersey,clear sky,71.98,2025-07-08 23:16:48,,,,,,,,,,,,,,,,,,,,
2025-07-08 23:16:50,Shomari,New Jersey,,22.21,,,Clear,clear sky,,,,New Jersey,clear sky,71.98,2025-07-08 23:16:50,,,,,,,,,,,,,,,,,,,,
2025-07-08 23:16:52,Shomari,New Jersey,,22.21,,,Clear,clear sky,,,,New Jersey,clear sky,71.98,2025-07-08 23:16:52,,,,,,,,,,,,,,,,,,,,
2025-07-08 23:16:54,Shomari,New Jersey,,22.21,,,Clear,clear sky,,,,New Jersey,clear sky,71.98,2025-07-08 23:16:54,,,,,,,,,,,,,,,,,,,,
2025-07-08 23:16:56,Shomari,New Jersey,,22.21,,,Clear,clear sky,,,,New Jersey,clear sky,71.98,2025-07-08 23:16:56,,,,,,,,,,,,,,,,,,,,
2025-07-08 23:16:58,Shomari,New Jersey,,22.21,,,Clear,clear sky,,,,New Jersey,clear sky,71.98,2025-07-08 23:16:58,,,,,,,,,,,,,,,,,,,,
2025-07-08 23:17:00,Shomari,New Jersey,,22.21,,,Clear,clear sky,,,,New Jersey,clear sky,71.98,2025-07-08 23:17:00,,,,,,,,,,,,,,,,,,,,
2025-07-08 23:17:02,Shomari,New Jersey,,22.21,,,Clear,clear sky,,,,New Jersey,clear sky,71.98,2025-07-08 23:17:02,,,,,,,,,,,,,,,,,,,,
2025-07-08 23:17:04,Shomari,New Jersey,,22.21,,,Clear,clear sky,,,,New Jersey,clear sky,71.98,2025-07-08 23:17:04,,,,,,,,,,,,,,,,,,,,
2025-07-08 23:17:06,Shomari,New Jersey,,22.21,,,Clear,clear sky,,,,New Jersey,clear sky,71.98,2025-07-08 23:17:06,,,,,,,,,,,,,,,,,,,,
2025-07-08 23:17:08,Shomari,New Jersey,,22.21,,,Clear,clear sky,,,,New Jersey,clear sky,71.98,2025-07-08 23:17:08,,,,,,,,,,,,,,,,,,,,
2025-07-08 23:17:10,Shomari,New Jersey,,22.21,,,Clear,clear sky,,,,New Jersey,clear sky,71.98,2025-07-08 23:17:10,,,,,,,,,,,,,,,,,,,,
2025-07-08 23:17:12,Shomari,New Jersey,,22.21,,,Clear,clear sky,,,,New Jersey,clear sky,71.98,2025-07-08 23:17:12,,,,,,,,,,,,,,,,,,,,
2025-07-08 23:17:14,Shomari,New Jersey,,22.21,,,Clear,clear sky,,,,New Jersey,clear sky,71.98,2025-07-08 23:17:14,,,,,,,,,,,,,,,,,,,,
2025-07-08 23:17:16,Shomari,New Jersey,,22.21,,,Clear,clear sky,,,,New Jersey,clear sky,71.98,2025-07-08 23:17:16,,,,,,,,,,,,,,,,,,,,
2025-07-08 23:17:18,Shomari,New Jersey,,22.21,,,Clear,clear sky,,,,New Jersey,clear sky,71.98,2025-07-08 23:17:18,,,,,,,,,,,,,,,,,,,,
2025-07-08 23:17:20,Shomari,New Jersey,,22.21,,,Clear,clear sky,,,,New Jersey,clear sky,71.98,2025-07-08 23:17:20,,,,,,,,,,,,,,,,,,,,
2025-07-08 23:17:22,Shomari,New Jersey,,22.21,,,Clear,clear sky,,,,New Jersey,clear sky,71.98,2025-07-08 23:17:22,,,,,,,,,,,,,,,,,,,,
2025-07-08 23:17:24,Shomari,New Jersey,,22.21,,,Clear,clear sky,,,,New Jersey,clear sky,71.98,2025-07-08 23:17:24,,,,,,,,,,,,,,,,,,,,
2025-07-08 23:17:26,Shomari,New Jersey,,22.21,,,Clear,clear sky,,,,New Jersey,clear sky,71.98,2025-07-08 23:17:26,,,,,,,,,,,,,,,,,,,,
2025-07-08 23:17:28,Shomari,New Jersey,,22.21,,,Clear,clear sky,,,,New Jersey,clear sky,71.98,2025-07-08 23:17:28,,,,,,,,,,,,,,,,,,,,
2025-07-08 23:17:30,Shomari,New Jersey,,22.21,,,Clear,clear sky,,,,New Jersey,clear sky,71.98,2025-07-08 23:17:30,,,,,,,,,,,,,,,,,,,,
2025-07-08 23:17:32,Shomari,New Jersey,,22.21,,,Clear,clear sky,,,,New Jersey,clear sky,71.98,2025-07-08 23:17:32,,,,,,,,,,,,,,,,,,,,
2025-07-08 23:17:34,Shomari,New Jersey,,22.21,,,Clear,clear sky,,,,New Jersey,clear sky,71.98,2025-07-08 23:17:34,,,,,,,,,,,,,,,,,,,,
2025-07-08 23:17:36,Shomari,New Jersey,,22.21,,,Clear,clear sky,,,,New Jersey,clear sky,71.98,2025-07-08 23:17:36,,,,,,,,,,,,,,,,,,,,
2025-07-08 23:17:38,Shomari,New Jersey,,22.21,,,Clear,clear sky,,,,New Jersey,clear sky,71.98,2025-07-08 23:17:38,,,,,,,,,,,,,,,,,,,,
2025-07-08 23:17:40,Shomari,New Jersey,,22.21,,,Clear,clear sky,,,,New Jersey,clear sky,71.98,2025-07-08 23:17:40,,,,,,,,,,,,,,,,,,,,
2025-07-08 23:17:42,Shomari,New Jersey,,22.21,,,Clear,clear sky,,,,New Jersey,clear sky,71.98,2025-07-08 23:17:42,,,,,,,,,,,,,,,,,,,,
2025-07-08 23:17:44,Shomari,New Jersey,,22.21,,,Clear,clear sky,,,,New Jersey,clear sky,71.98,2025-07-08 23:17:44,,,,,,,,,,,,,,,,,,,,
2025-07-08 23:17:46,Shomari,New Jersey,,22.21,,,Clear,clear sky,,,,New Jersey,clear sky,71.98,2025-07-08 23:17:46,,,,,,,,,,,,,,,,,,,,
2025-07-08 23:17:48,Shomari,New Jersey,,22.21,,,Clear,clear sky,,,,New Jersey,clear sky,71.98,2025-07-08 23:17:48,,,,,,,,,,,,,,,,,,,,
2025-07-08 23:17:50,Shomari,New Jersey,,22.21,,,Clear,clear sky,,,,New Jersey,clear sky,71.98,2025-07-08 23:17:50,,,,,,,,,,,,,,,,,,,,
2025-07-08 23:17:52,Shomari,New Jersey,,22.21,,,Clear,clear sky,,,,New Jersey,clear sky,71.98,2025-07-08 23:17:52,,,,,,,,,,,,,,,,,,,,
2025-07-08 23:17:54,Shomari,New Jersey,,22.21,,,Clear,clear sky,,,,New Jersey,clear sky,71.98,2025-07-08 23:17:54,,,,,,,,,,,,,,,,,,,,
2025-07-08 23:17:56,Shomari,New Jersey,,22.21,,,Clear,clear sky,,,,New Jersey,clear sky,71.98,2025-07-08 23:17:56,,,,,,,,,,,,,,,,,,,,
2025-07-08 23:17:58,Shomari,New Jersey,,22.21,,,Clear,clear sky,,,,New Jersey,clear sky,71.98,2025-07-08 23:17:58,,,,,,,,,,,,,,,,,,,,
2025-07-08 23:18:00,Shomari,New Jersey,,22.21,,,Clear,clear sky,,,,New Jersey,clear sky,71.98,2025-07-08 23:18:00,,,,,,,,,,,,,,,,,,,,
2025-07-08 23:18:02,Shomari,New Jersey,,22.21,,,Clear,clear sky,,,,New Jersey,clear sky,71.98,2025-07-08 23:18:02,,,,,,,,,,,,,,,,,,,,
2025-07-08 23:18:04,Shomari,New Jersey,,22.21,,,Clear,clear sky,,,,New Jersey,clear sky,71.98,2025-07-08 23:18:04,,,,,,,,,,,,,,,,,,,,
2025-07-08 23:18:06,Shomari,New Jersey,,22.21,,,Clear,clear sky,,,,New Jersey,clear sky,71.98,2025-07-08 23:18:06,,,,,,,,,,,,,,,,,,,,
2025-07-08 23:18:08,Shomari,New Jersey,,22.21,,,Clear,clear sky,,,,New Jersey,clear sky,71.98,2025-07-08 23:18:08,,,,,,,,,,,,,,,,,,,,
2025-07-08 23:18:10,Shomari,New Jersey,,22.21,,,Clear,clear sky,,,,New Jersey,clear sky,71.98,2025-07-08 23:18:10,,,,,,,,,,,,,,,,,,,,
2025-07-08 23:18:12,Shomari,New Jersey,,22.21,,,Clear,clear sky,,,,New Jersey,clear sky,71.98,2025-07-08 23:18:12,,,,,,,,,,,,,,,,,,,,
2025-07-08 23:18:14,Shomari,New Jersey,,22.21,,,Clear,clear sky,,,,New Jersey,clear sky,71.98,2025-07-08 23:18:14,,,,,,,,,,,,,,,,,,,,
2025-07-08 23:18:16,Shomari,New Jersey,,22.21,,,Clear,clear sky,,,,New Jersey,clear sky,71.98,2025-07-08 23:18:16,,,,,,,,,,,,,,,,,,,,
2025-07-08 23:18:18,Shomari,New Jersey,,22.21,,,Clear,clear sky,,,,New Jersey,clear sky,71.98,2025-07-08 23:18:18,,,,,,,,,,,,,,,,,,,,
2025-07-08 23:18:20,Shomari,New Jersey,,22.21,,,Clear,clear sky,,,,New Jersey,clear sky,71.98,2025-07-08 23:18:20,,,,,,,,,,,,,,,,,,,,
2025-07-08 23:18:22,Shomari,New Jersey,,22.21,,,Clear,clear sky,,,,New Jersey,clear sky,71.98,2025-07-08 23:18:22,,,,,,,,,,,,,,,,,,,,
2025-07-08 23:18:24,Shomari,New Jersey,,22.21,,,Clear,clear sky,,,,New Jersey,clear sky,71.98,2025-07-08 23:18:24,,,,,,,,,,,,,,,,,,,,
2025-07-08 23:18:26,Shomari,New Jersey,,22.21,,,Clear,clear sky,,,,New Jersey,clear sky,71.98,2025-07-08 23:18:26,,,,,,,,,,,,,,,,,,,,
2025-07-08 23:18:28,Shomari,New Jersey,,22.21,,,Clear,clear sky,,,,New Jersey,clear sky,71.98,2025-07-08 23:18:28,,,,,,,,,,,,,,,,,,,,
2025-07-08 23:18:30,Shomari,New Jersey,,22.21,,,Clear,clear sky,,,,New Jersey,clear sky,71.98,2025-07-08 23:18:30,,,,,,,,,,,,,,,,,,,,
2025-07-08 23:18:32,Shomari,New Jersey,,22.21,,,Clear,clear sky,,,,New Jersey,clear sky,71.98,2025-07-08 23:18:32,,,,,,,,,,,,,,,,,,,,
2025-07-08 23:18:34,Shomari,New Jersey,,22.21,,,Clear,clear sky,,,,New Jersey,clear sky,71.98,2025-07-08 23:18:34,,,,,,,,,,,,,,,,,,,,
2025-07-08 23:18:36,Shomari,New Jersey,,22.21,,,Clear,clear sky,,,,New Jersey,clear sky,71.98,2025-07-08 23:18:36,,,,,,,,,,,,,,,,,,,,
2025-07-08 23:18:38,Shomari,New Jersey,,22.21,,,Clear,clear sky,,,,New Jersey,clear sky,71.98,2025-07-08 23:18:38,,,,,,,,,,,,,,,,,,,,
2025-07-08 23:18:40,Shomari,New Jersey,,22.21,,,Clear,clear sky,,,,New Jersey,clear sky,71.98,2025-07-08 23:18:40,,,,,,,,,,,,,,,,,,,,
2025-07-08 23:18:42,Shomari,New Jersey,,22.21,,,Clear,clear sky,,,,New Jersey,clear sky,71.98,2025-07-08 23:18:42,,,,,,,,,,,,,,,,,,,,
2025-07-08 23:18:44,Shomari,New Jersey,,22.21,,,Clear,clear sky,,,,New Jersey,clear sky,71.98,2025-07-08 23:18:44,,,,,,,,,,,,,,,,,,,,
2025-07-08 23:18:46,Shomari,New Jersey,,22.21,,,Clear,clear sky,,,,New Jersey,clear sky,71.98,2025-07-08 23:18:46,,,,,,,,,,,,,,,,,,,,
2025-07-08 23:18:48,Shomari,New Jersey,,22.21,,,Clear,clear sky,,,,New Jersey,clear sky,71.98,2025-07-08 23:18:48,,,,,,,,,,,,,,,,,,,,
2025-07-08 23:18:50,Shomari,New Jersey,,22.21,,,Clear,clear sky,,,,New Jersey,clear sky,71.98,2025-07-08 23:18:50,,,,,,,,,,,,,,,,,,,,
2025-07-08 23:18:52,Shomari,New Jersey,,22.21,,,Clear,clear sky,,,,New Jersey,clear sky,71.98,2025-07-08 23:18:52,,,,,,,,,,,,,,,,,,,,
2025-07-08 23:18:54,Shomari,New Jersey,,22.21,,,Clear,clear sky,,,,New Jersey,clear sky,71.98,2025-07-08 23:18:54,,,,,,,,,,,,,,,,,,,,
2025-07-08 23:18:56,Shomari,New Jersey,,22.21,,,Clear,clear sky,,,,New Jersey,clear sky,71.98,2025-07-08 23:18:56,,,,,,,,,,,,,,,,,,,,
2025-07-08 23:18:58,Shomari,New Jersey,,22.21,,,Clear,clear sky,,,,New Jersey,clear sky,71.98,2025-07-08 23:18:58,,,,,,,,,,,,,,,,,,,,
2025-07-08 23:19:00,Shomari,New Jersey,,22.21,,,Clear,clear sky,,,,New Jersey,clear sky,71.98,2025-07-08 23:19:00,,,,,,,,,,,,,,,,,,,,
2025-07-08 23:19:02,Shomari,New Jersey,,22.21,,,Clear,clear sky,,,,New Jersey,clear sky,71.98,2025-07-08 23:19:02,,,,,,,,,,,,,,,,,,,,
2025-07-08 23:19:04,Shomari,New Jersey,,22.21,,,Clear,clear sky,,,,New Jersey,clear sky,71.98,2025-07-08 23:19:04,,,,,,,,,,,,,,,,,,,,
2025-07-08 23:19:06,Shomari,New Jersey,,22.21,,,Clear,clear sky,,,,New Jersey,clear sky,71.98,2025-07-08 23:19:06,,,,,,,,,,,,,,,,,,,,
2025-07-08 23:19:08,Shomari,New Jersey,,22.21,,,Clear,clear sky,,,,New Jersey,clear sky,71.98,2025-07-08 23:19:08,,,,,,,,,,,,,,,,,,,,
2025-07-08 23:19:10,Shomari,New Jersey,,22.21,,,Clear,clear sky,,,,New Jersey,clear sky,71.98,2025-07-08 23:19:10,,,,,,,,,,,,,,,,,,,,
2025-07-08 23:19:12,Shomari,New Jersey,,22.21,,,Clear,clear sky,,,,New Jersey,clear sky,71.98,2025-07-08 23:19:12,,,,,,,,,,,,,,,,,,,,
2025-07-08 23:19:14,Shomari,New Jersey,,22.21,,,Clear,clear sky,,,,New Jersey,clear sky,71.98,2025-07-08 23:19:14,,,,,,,,,,,,,,,,,,,,
2025-07-08 23:19:16,Shomari,New Jersey,,22.21,,,Clear,clear sky,,,,New Jersey,clear sky,71.98,2025-07-08 23:19:16,,,,,,,,,,,,,,,,,,,,
2025-07-08 23:19:18,Shomari,New Jersey,,22.21,,,Clear,clear sky,,,,New Jersey,clear sky,71.98,2025-07-08 23:19:18,,,,,,,,,,,,,,,,,,,,
2025-07-08 23:19:20,Shomari,New Jersey,,22.21,,,Clear,clear sky,,,,New Jersey,clear sky,71.98,2025-07-08 23:19:20,,,,,,,,,,,,,,,,,,,,
2025-07-08 23:19:22,Shomari,New Jersey,,22.21,,,Clear,clear sky,,,,New Jersey,clear sky,71.98,2025-07-08 23:19:22,,,,,,,,,,,,,,,,,,,,
2025-07-08 23:19:24,Shomari,New Jersey,,22.21,,,Clear,clear sky,,,,New Jersey,clear sky,71.98,2025-07-08 23:19:24,,,,,,,,,,,,,,,,,,,,
2025-07-08 23:19:26,Shomari,New Jersey,,22.21,,,Clear,clear sky,,,,New Jersey,clear sky,71.98,2025-07-08 23:19:26,,,,,,,,,,,,,,,,,,,,
2025-07-08 23:19:28,Shomari,New Jersey,,22.21,,,Clear,clear sky,,,,New Jersey,clear sky,71.98,2025-07-08 23:19:28,,,,,,,,,,,,,,,,,,,,
2025-07-08 23:19:30,Shomari,New Jersey,,22.21,,,Clear,clear sky,,,,New Jersey,clear sky,71.98,2025-07-08 23:19:30,,,,,,,,,,,,,,,,,,,,
2025-07-08 23:19:32,Shomari,New Jersey,,22.21,,,Clear,clear sky,,,,New Jersey,clear sky,71.98,2025-07-08 23:19:32,,,,,,,,,,,,,,,,,,,,
2025-07-08 23:19:34,Shomari,New Jersey,,22.21,,,Clear,clear sky,,,,New Jersey,clear sky,71.98,2025-07-08 23:19:34,,,,,,,,,,,,,,,,,,,,
2025-07-08 23:19:36,Shomari,New Jersey,,22.21,,,Clear,clear sky,,,,New Jersey,clear sky,71.98,2025-07-08 23:19:36,,,,,,,,,,,,,,,,,,,,
2025-07-08 23:19:38,Shomari,New Jersey,,22.21,,,Clear,clear sky,,,,New Jersey,clear sky,71.98,2025-07-08 23:19:38,,,,,,,,,,,,,,,,,,,,
2025-07-08 23:19:40,Shomari,New Jersey,,22.21,,,Clear,clear sky,,,,New Jersey,clear sky,71.98,2025-07-08 23:19:40,,,,,,,,,,,,,,,,,,,,
2025-07-08 23:19:42,Shomari,New Jersey,,22.21,,,Clear,clear sky,,,,New Jersey,clear sky,71.98,2025-07-08 23:19:42,,,,,,,,,,,,,,,,,,,,
2025-07-08 23:19:44,Shomari,New Jersey,,22.21,,,Clear,clear sky,,,,New Jersey,clear sky,71.98,2025-07-08 23:19:44,,,,,,,,,,,,,,,,,,,,
2025-07-08 23:19:46,Shomari,New Jersey,,22.21,,,Clear,clear sky,,,,New Jersey,clear sky,71.98,2025-07-08 23:19:46,,,,,,,,,,,,,,,,,,,,
2025-07-08 23:19:48,Shomari,New Jersey,,22.21,,,Clear,clear sky,,,,New Jersey,clear sky,71.98,2025-07-08 23:19:48,,,,,,,,,,,,,,,,,,,,
,Unknown,,,,,,,,2025-07-23 21:21,28,Atlanta,,,,,,,,,,scattered clouds,,,,,,,,,,,,,,
,Unknown,,,,,,,,2025-07-24 19:08,29,Atlanta,,,,,,,,,,clear sky,,,,,,,,,,,,,,
,Unknown,,,,,,,,2025-07-24 19:08,28,California,,,,,,,,,,clear sky,,,,,,,,,,,,,,
,Unknown,,,,,,,,2025-07-24 19:17,27,Queens,,,,,,,,,,broken clouds,,,,,,,,,,,,,,
,Unknown,,,,,,,,2025-07-24 19:18,28,Brooklyn,,,,,,,,,,broken clouds,,,,,,,,,,,,,,
,Unknown,,,,,,,,2025-07-24 20:15,27,Brooklyn,,,,,,,,,,broken clouds,,,,,,,,,,,,,,
,Unknown,,,,,,,,2025-07-27 22:01,27,Bronx County,,,,,,,,,,few clouds,,,,,,,,,,,,,,
,Unknown,,,,,,,,2025-07-27 22:01,26,Queens,,,,,,,,,,clear sky,,,,,,,,,,,,,,
,Unknown,,,,,,,,2025-07-27 22:01,27,Staten Island,,,,,,,,,,clear sky,,,,,,,,,,,,,,
,Unknown,,,,,,,,2025-07-27 22:01,27,Manhattan,,,,,,,,,,clear sky,,,,,,,,,,,,,,
,Unknown,,,,,,,,2025-07-30 15:39,32,Suffolk,,,,,,,,,,clear sky,,,,,,,,,,,,,,
,Unknown,,,,,,,,2025-07-30 15:39,35,Nassau,,,,,,,,,,clear sky,,,,,,,,,,,,,,
,Unknown,,,,,,,,2025-07-30 16:39,32,Suffolk,,,,,,,,,,clear sky,,,,,,,,,,,,,,
,Unknown,,,,,,,,2025-07-30 16:53,27,State of Maine,,,,,,,,,,moderate rain,,,,,,,,,,,,,,
,Unknown,,,,,,,,2025-07-30 19:24,15,Radcha,,,,,,,,,,overcast clouds,,,,,,,,,,,,,,
,Unknown,,,,,,,,2025-07-30 19:24,15,Babynychi,,,,,,,,,,overcast clouds,,,,,,,,,,,,,,
,Unknown,,,,,,,,2025-07-30 19:36,28,Queens,,,,,,,,,,thunderstorm,,,,,,,,,,,,,,
,Unknown,,,,,,,,2025-07-30 19:36,29,New York,,,,,,,,,,broken clouds,,,,,,,,,,,,,,
